task,model,mode,repeat,time_s,selected_operator,selected_hyperparameter
Beer_OriginalExtract_60_KS,PLS,folded,1,0.5481253280013334,sg_smooth_w21_p3,4
Beer_OriginalExtract_60_KS,PLS,folded,2,0.5685161239998706,sg_smooth_w21_p3,4
Beer_OriginalExtract_60_KS,PLS,folded,3,0.5663234659987211,sg_smooth_w21_p3,4
Beer_OriginalExtract_60_KS,PLS,materialized,1,0.31713771100112353,sg_smooth_w21_p3,4
Beer_OriginalExtract_60_KS,PLS,materialized,2,0.3163577949999308,sg_smooth_w21_p3,4
Beer_OriginalExtract_60_KS,PLS,materialized,3,0.3226292729996203,sg_smooth_w21_p3,4
Beer_OriginalExtract_60_KS,Ridge,folded,1,0.5702945450011612,sg_smooth_w21_p3,0.0030821800019722773
Beer_OriginalExtract_60_KS,Ridge,folded,2,0.5919278460005444,sg_smooth_w21_p3,0.0030821800019722773
Beer_OriginalExtract_60_KS,Ridge,folded,3,0.5698759590013651,sg_smooth_w21_p3,0.0030821800019722773
Beer_OriginalExtract_60_KS,Ridge,materialized,1,0.0688903689988365,sg_smooth_w21_p3,0.0030821800019722773
Beer_OriginalExtract_60_KS,Ridge,materialized,2,0.06538241499947617,sg_smooth_w21_p3,0.0030821800019722773
Beer_OriginalExtract_60_KS,Ridge,materialized,3,0.06841655000062019,sg_smooth_w21_p3,0.0030821800019722773
Corn_Oil_80_ZhengChenPelegYbaseSplit,PLS,folded,1,0.7238021659995866,sg_d1_w21_p3,15
Corn_Oil_80_ZhengChenPelegYbaseSplit,PLS,folded,2,0.7131425469997339,sg_d1_w21_p3,15
Corn_Oil_80_ZhengChenPelegYbaseSplit,PLS,folded,3,0.7090018719991349,sg_d1_w21_p3,15
Corn_Oil_80_ZhengChenPelegYbaseSplit,PLS,materialized,1,0.4205438299995876,sg_d1_w21_p3,15
Corn_Oil_80_ZhengChenPelegYbaseSplit,PLS,materialized,2,0.4269576110000344,sg_d1_w21_p3,15
Corn_Oil_80_ZhengChenPelegYbaseSplit,PLS,materialized,3,0.4093283929996687,sg_d1_w21_p3,15
Corn_Oil_80_ZhengChenPelegYbaseSplit,Ridge,folded,1,1.0656868019996182,sg_smooth_w11_p2,9.807582958300963e-07
Corn_Oil_80_ZhengChenPelegYbaseSplit,Ridge,folded,2,1.0859036570000171,sg_smooth_w11_p2,9.807582958300963e-07
Corn_Oil_80_ZhengChenPelegYbaseSplit,Ridge,folded,3,1.0813705879991176,sg_smooth_w11_p2,9.807582958300963e-07
Corn_Oil_80_ZhengChenPelegYbaseSplit,Ridge,materialized,1,0.09398933000011311,sg_smooth_w11_p2,9.807582958300963e-07
Corn_Oil_80_ZhengChenPelegYbaseSplit,Ridge,materialized,2,0.09347490700019989,sg_smooth_w11_p2,9.807582958300963e-07
Corn_Oil_80_ZhengChenPelegYbaseSplit,Ridge,materialized,3,0.09604887099885673,sg_smooth_w11_p2,9.807582958300963e-07
An_spxyG70_30_byCultivar_MicroNIR,PLS,folded,1,0.1528662759992585,sg_smooth_w21_p3,7
An_spxyG70_30_byCultivar_MicroNIR,PLS,folded,2,0.14986897299968405,sg_smooth_w21_p3,7
An_spxyG70_30_byCultivar_MicroNIR,PLS,folded,3,0.15042025900038425,sg_smooth_w21_p3,7
An_spxyG70_30_byCultivar_MicroNIR,PLS,materialized,1,0.08782388399959018,sg_smooth_w21_p3,7
An_spxyG70_30_byCultivar_MicroNIR,PLS,materialized,2,0.08863924300021608,sg_smooth_w21_p3,7
An_spxyG70_30_byCultivar_MicroNIR,PLS,materialized,3,0.08519404400067287,sg_smooth_w21_p3,7
An_spxyG70_30_byCultivar_MicroNIR,Ridge,folded,1,0.27030634300172096,sg_smooth_w11_p2,1.2825484171278292e-07
An_spxyG70_30_byCultivar_MicroNIR,Ridge,folded,2,0.26665024499925494,sg_smooth_w11_p2,1.2825484171278292e-07
An_spxyG70_30_byCultivar_MicroNIR,Ridge,folded,3,0.26353987400034384,sg_smooth_w11_p2,1.2825484171278292e-07
An_spxyG70_30_byCultivar_MicroNIR,Ridge,materialized,1,0.04201137900054164,sg_smooth_w11_p2,1.2825484171278292e-07
An_spxyG70_30_byCultivar_MicroNIR,Ridge,materialized,2,0.0410472050007229,sg_smooth_w11_p2,1.2825484171278292e-07
An_spxyG70_30_byCultivar_MicroNIR,Ridge,materialized,3,0.042652692000046954,sg_smooth_w11_p2,1.2825484171278292e-07
DIESEL_bp50_246_hla-b,PLS,folded,1,0.41026229800081637,detrend_d2,12
DIESEL_bp50_246_hla-b,PLS,folded,2,0.4111593620000349,detrend_d2,12
DIESEL_bp50_246_hla-b,PLS,folded,3,0.41020617300091544,detrend_d2,12
DIESEL_bp50_246_hla-b,PLS,materialized,1,0.2472742690006271,detrend_d2,12
DIESEL_bp50_246_hla-b,PLS,materialized,2,0.24301043599916738,detrend_d2,12
DIESEL_bp50_246_hla-b,PLS,materialized,3,0.24379463699915505,detrend_d2,12
DIESEL_bp50_246_hla-b,Ridge,folded,1,1.282530501999645,sg_smooth_w21_p3,3.826426623795428e-09
DIESEL_bp50_246_hla-b,Ridge,folded,2,1.278704263999316,sg_smooth_w21_p3,3.826426623795428e-09
DIESEL_bp50_246_hla-b,Ridge,folded,3,1.27103416799946,sg_smooth_w21_p3,3.826426623795428e-09
DIESEL_bp50_246_hla-b,Ridge,materialized,1,0.09370153099916934,sg_smooth_w21_p3,3.826426623795428e-09
DIESEL_bp50_246_hla-b,Ridge,materialized,2,0.09701182399840036,sg_smooth_w21_p3,3.826426623795428e-09
DIESEL_bp50_246_hla-b,Ridge,materialized,3,0.09420538800077338,sg_smooth_w21_p3,3.826426623795428e-09
