database_name,dataset,task,model,result_label,result_dir,status,status_details,preprocessing_pipeline,RMSECV,RMSE_MF,RMSEP,MAE_test,r2_test,search_mean_score,seed,n_splits,best_config_json,best_model_params_json,best_fold_scores_json,trial_values_json,search_results_path,best_config_path,final_predictions_path,fold_predictions_path,rmse_mf_source,artifact_best_config_format,artifact_search_results_format,artifact_final_predictions_format,aom_variant,backend,engine,selection,criterion,orthogonalization,operator_bank,selected_operator_sequence_json,selected_operator_scores_json,n_components_selected,max_components,fit_time_s,predict_time_s,delta_rmsep_vs_master_pls,delta_rmsep_vs_tabpfn_raw,delta_rmsep_vs_tabpfn_opt,run_seed,code_version,notes,balanced_accuracy,macro_f1,log_loss,ece
ALPINE,ALPINE_P_291_KS,regression,PLS-standard-numpy,PLS-standard-numpy,,ok,,identity,,,0.07659128119885607,0.05889204375182489,0.4253906763639921,,0,3,,,,,,,,,,,,,PLS-standard-numpy,numpy,pls_standard,none,covariance,transformed,identity,"[0, 0, 0, 0, 0, 0, 0, 0]","{""identity"": 0.0}",8,8,0.080448744000023,0.0001507659999333555,0.014320531545903466,0.01699835683919517,0.033174054972273666,0,AOM_v0/0.1.0,,,,,
ALPINE,ALPINE_P_291_KS,regression,AOM-global-nipals-materialized-numpy,AOM-global-nipals-materialized-numpy,,ok,,compact,,,0.07659128119885607,0.05889204375182489,0.4253906763639921,,0,3,,,,,,,,,,,,,AOM-global-nipals-materialized-numpy,numpy,nipals_materialized,global,covariance,transformed,compact,"[0, 0, 0, 0, 0, 0, 0, 0]","{""identity"": -32.2539470855212, ""sg_smooth_w11_p2"": -32.247623090852585, ""sg_smooth_w21_p3"": -32.24126742701945, ""sg_d1_w11_p2"": -0.3340494061815931, ""sg_d1_w21_p3"": -0.3396444914826466, ""sg_d2_w11_p2"": -0.06242274840497461, ""detrend_d1"": -24.04927489267353, ""detrend_d2"": -16.034514178788903, ""fd_d1"": -0.4676118836658267}",8,8,0.2558567210007823,0.00013667199982592138,0.014320531545903466,0.01699835683919517,0.033174054972273666,0,AOM_v0/0.1.0,,,,,
ALPINE,ALPINE_P_291_KS,regression,AOM-global-nipals-adjoint-numpy,AOM-global-nipals-adjoint-numpy,,ok,,compact,,,0.07659128119885604,0.05889204375182489,0.4253906763639923,,0,3,,,,,,,,,,,,,AOM-global-nipals-adjoint-numpy,numpy,nipals_adjoint,global,covariance,transformed,compact,"[0, 0, 0, 0, 0, 0, 0, 0]","{""identity"": -32.2539470855212, ""sg_smooth_w11_p2"": -32.247623090852585, ""sg_smooth_w21_p3"": -32.24126742701945, ""sg_d1_w11_p2"": -0.3340494061815931, ""sg_d1_w21_p3"": -0.3396444914826466, ""sg_d2_w11_p2"": -0.06242274840497461, ""detrend_d1"": -24.04927489267353, ""detrend_d2"": -16.034514178788903, ""fd_d1"": -0.4676118836658267}",8,8,0.26326266399973974,0.00015096199967956636,0.014320531545903438,0.016998356839195143,0.03317405497227364,0,AOM_v0/0.1.0,,,,,
ALPINE,ALPINE_P_291_KS,regression,POP-nipals-materialized-numpy,POP-nipals-materialized-numpy,,ok,,compact,,,0.07206300262832607,0.05727517635387988,0.4913269750900464,,0,3,,,,,,,,,,,,,POP-nipals-materialized-numpy,numpy,nipals_materialized,per_component,covariance,original,compact,"[7, 3, 7, 3, 6, 0, 3, 3]","{""component_1"": {""identity"": 0.12474688139830023, ""sg_smooth_w11_p2"": 0.12474315177932421, ""sg_smooth_w21_p3"": 0.12473948650227826, ""sg_d1_w11_p2"": 0.12328163892198422, ""sg_d1_w21_p3"": 0.1234908942656108, ""sg_d2_w11_p2"": 0.1302097035378391, ""detrend_d1"": 0.11993364406240235, ""detrend_d2"": 0.11522985867169745, ""fd_d1"": 0.1275263540647577}, ""component_2"": {""identity"": 0.11454525535671867, ""sg_smooth_w11_p2"": 0.11454527813812297, ""sg_smooth_w21_p3"": 0.11454525842381386, ""sg_d1_w11_p2"": 0.10423711075652538, ""sg_d1_w21_p3"": 0.10433104573672618, ""sg_d2_w11_p2"": 0.11409719042381065, ""detrend_d1"": 0.11278546842758062, ""detrend_d2"": 0.10662685717110217, ""fd_d1"": 0.1084930080013814}, ""component_3"": {""identity"": 0.10280058704014496, ""sg_smooth_w11_p2"": 0.10280272982509986, ""sg_smooth_w21_p3"": 0.10280458100807353, ""sg_d1_w11_p2"": 0.100953571208054, ""sg_d1_w21_p3"": 0.1010161616408413, ""sg_d2_w11_p2"": 0.10202542768121255, ""detrend_d1"": 0.10150447878519003, ""detrend_d2"": 0.10003141278965645, ""fd_d1"": 0.10165646001118567}, ""component_4"": {""identity"": 0.09815685880528612, ""sg_smooth_w11_p2"": 0.09815710561839527, ""sg_smooth_w21_p3"": 0.09815732930040075, ""sg_d1_w11_p2"": 0.09696360676102998, ""sg_d1_w21_p3"": 0.0970509564170238, ""sg_d2_w11_p2"": 0.09809702565732596, ""detrend_d1"": 0.09813110653742602, ""detrend_d2"": 0.09701394640167059, ""fd_d1"": 0.0978270205014206}, ""component_5"": {""identity"": 0.0948136589978812, ""sg_smooth_w11_p2"": 0.09481292217113389, ""sg_smooth_w21_p3"": 0.0948127380786028, ""sg_d1_w11_p2"": 0.09551490399268808, ""sg_d1_w21_p3"": 0.09556542585822368, ""sg_d2_w11_p2"": 0.09600342651012521, ""detrend_d1"": 0.09196587536208219, ""detrend_d2"": 0.09360236439853845, ""fd_d1"": 0.09577364906871601}, ""component_6"": {""identity"": 0.08846380791695431, ""sg_smooth_w11_p2"": 0.08846474245839636, ""sg_smooth_w21_p3"": 0.08846504706515076, ""sg_d1_w11_p2"": 0.08985356008032384, ""sg_d1_w21_p3"": 0.0896763484851159, ""sg_d2_w11_p2"": 0.0905507248709152, ""detrend_d1"": 0.0901487541883323, ""detrend_d2"": 0.09053115488974614, ""fd_d1"": 0.08906437978343908}, ""component_7"": {""identity"": 0.08759369467647499, ""sg_smooth_w11_p2"": 0.08759457253697936, ""sg_smooth_w21_p3"": 0.08759541536456081, ""sg_d1_w11_p2"": 0.0842839149820326, ""sg_d1_w21_p3"": 0.08436991362246704, ""sg_d2_w11_p2"": 0.08718513522735387, ""detrend_d1"": 0.08560766160485123, ""detrend_d2"": 0.08548756949553807, ""fd_d1"": 0.0862897786965432}, ""component_8"": {""identity"": 0.08351274970476333, ""sg_smooth_w11_p2"": 0.08352182390911649, ""sg_smooth_w21_p3"": 0.08353214764377981, ""sg_d1_w11_p2"": 0.08001338511432482, ""sg_d1_w21_p3"": 0.08018892565290472, ""sg_d2_w11_p2"": 0.08063973319310565, ""detrend_d1"": 0.08162572200638273, ""detrend_d2"": 0.08173016047628948, ""fd_d1"": 0.0806364789134616}}",8,8,6.520127417999902,0.0001377159996991395,0.00979225297537347,0.012470078268665176,0.02864577640174367,0,AOM_v0/0.1.0,,,,,
ALPINE,ALPINE_P_291_KS,regression,POP-nipals-adjoint-numpy,POP-nipals-adjoint-numpy,,ok,,compact,,,0.07206300262832606,0.05727517635387984,0.49132697509004664,,0,3,,,,,,,,,,,,,POP-nipals-adjoint-numpy,numpy,nipals_adjoint,per_component,covariance,original,compact,"[7, 3, 7, 3, 6, 0, 3, 3]","{""component_1"": {""identity"": 0.12474688139830023, ""sg_smooth_w11_p2"": 0.1247431517793242, ""sg_smooth_w21_p3"": 0.12473948650227826, ""sg_d1_w11_p2"": 0.12328163892198424, ""sg_d1_w21_p3"": 0.1234908942656108, ""sg_d2_w11_p2"": 0.1302097035378391, ""detrend_d1"": 0.11993364406240235, ""detrend_d2"": 0.11522985867169745, ""fd_d1"": 0.1275263540647577}, ""component_2"": {""identity"": 0.11454525535671865, ""sg_smooth_w11_p2"": 0.11454527813812297, ""sg_smooth_w21_p3"": 0.11454525842381387, ""sg_d1_w11_p2"": 0.1042371107565254, ""sg_d1_w21_p3"": 0.10433104573672622, ""sg_d2_w11_p2"": 0.11409719042381064, ""detrend_d1"": 0.11278546842758061, ""detrend_d2"": 0.1066268571711022, ""fd_d1"": 0.10849300800138142}, ""component_3"": {""identity"": 0.10280058704014496, ""sg_smooth_w11_p2"": 0.10280272982509985, ""sg_smooth_w21_p3"": 0.10280458100807353, ""sg_d1_w11_p2"": 0.100953571208054, ""sg_d1_w21_p3"": 0.1010161616408413, ""sg_d2_w11_p2"": 0.10202542768121255, ""detrend_d1"": 0.10150447878519005, ""detrend_d2"": 0.10003141278965648, ""fd_d1"": 0.10165646001118567}, ""component_4"": {""identity"": 0.09815685880528613, ""sg_smooth_w11_p2"": 0.09815710561839529, ""sg_smooth_w21_p3"": 0.09815732930040075, ""sg_d1_w11_p2"": 0.09696360676102998, ""sg_d1_w21_p3"": 0.09705095641702381, ""sg_d2_w11_p2"": 0.09809702565732598, ""detrend_d1"": 0.09813110653742606, ""detrend_d2"": 0.0970139464016706, ""fd_d1"": 0.0978270205014206}, ""component_5"": {""identity"": 0.09481365899788122, ""sg_smooth_w11_p2"": 0.0948129221711339, ""sg_smooth_w21_p3"": 0.09481273807860278, ""sg_d1_w11_p2"": 0.0955149039926881, ""sg_d1_w21_p3"": 0.0955654258582237, ""sg_d2_w11_p2"": 0.09600342651012522, ""detrend_d1"": 0.09196587536208217, ""detrend_d2"": 0.09360236439853845, ""fd_d1"": 0.09577364906871602}, ""component_6"": {""identity"": 0.08846380791695432, ""sg_smooth_w11_p2"": 0.08846474245839636, ""sg_smooth_w21_p3"": 0.08846504706515075, ""sg_d1_w11_p2"": 0.08985356008032382, ""sg_d1_w21_p3"": 0.08967634848511587, ""sg_d2_w11_p2"": 0.09055072487091519, ""detrend_d1"": 0.0901487541883323, ""detrend_d2"": 0.09053115488974613, ""fd_d1"": 0.08906437978343908}, ""component_7"": {""identity"": 0.08759369467647497, ""sg_smooth_w11_p2"": 0.08759457253697937, ""sg_smooth_w21_p3"": 0.08759541536456081, ""sg_d1_w11_p2"": 0.0842839149820326, ""sg_d1_w21_p3"": 0.08436991362246703, ""sg_d2_w11_p2"": 0.08718513522735387, ""detrend_d1"": 0.08560766160485123, ""detrend_d2"": 0.08548756949553807, ""fd_d1"": 0.08628977869654321}, ""component_8"": {""identity"": 0.08351274970476334, ""sg_smooth_w11_p2"": 0.08352182390911647, ""sg_smooth_w21_p3"": 0.0835321476437798, ""sg_d1_w11_p2"": 0.08001338511432479, ""sg_d1_w21_p3"": 0.08018892565290471, ""sg_d2_w11_p2"": 0.08063973319310563, ""detrend_d1"": 0.08162572200638273, ""detrend_d2"": 0.08173016047628946, ""fd_d1"": 0.08063647891346158}}",8,8,3.570281919000081,0.0001344600004813401,0.009792252975373457,0.012470078268665162,0.028645776401743657,0,AOM_v0/0.1.0,,,,,
ALPINE,ALPINE_P_291_KS,regression,AOM-global-simpls-materialized-numpy,AOM-global-simpls-materialized-numpy,,ok,,compact,,,0.07659128119885596,0.05889204375182473,0.42539067636399364,,0,3,,,,,,,,,,,,,AOM-global-simpls-materialized-numpy,numpy,simpls_materialized,global,covariance,transformed,compact,"[0, 0, 0, 0, 0, 0, 0, 0]","{""identity"": -32.2539470855212, ""sg_smooth_w11_p2"": -32.247623090852585, ""sg_smooth_w21_p3"": -32.24126742701945, ""sg_d1_w11_p2"": -0.3340494061815931, ""sg_d1_w21_p3"": -0.3396444914826466, ""sg_d2_w11_p2"": -0.06242274840497461, ""detrend_d1"": -24.04927489267353, ""detrend_d2"": -16.034514178788903, ""fd_d1"": -0.4676118836658267}",8,8,0.2330837130002692,0.00013582900010078447,0.014320531545903355,0.01699835683919506,0.033174054972273555,0,AOM_v0/0.1.0,,,,,
ALPINE,ALPINE_P_291_KS,regression,AOM-global-simpls-covariance-numpy,AOM-global-simpls-covariance-numpy,,ok,,compact,,,0.076591281198856,0.058892043751824816,0.4253906763639931,,0,3,,,,,,,,,,,,,AOM-global-simpls-covariance-numpy,numpy,simpls_covariance,global,covariance,transformed,compact,"[0, 0, 0, 0, 0, 0, 0, 0]","{""identity"": -32.2539470855212, ""sg_smooth_w11_p2"": -32.247623090852585, ""sg_smooth_w21_p3"": -32.24126742701945, ""sg_d1_w11_p2"": -0.3340494061815931, ""sg_d1_w21_p3"": -0.3396444914826466, ""sg_d2_w11_p2"": -0.06242274840497461, ""detrend_d1"": -24.04927489267353, ""detrend_d2"": -16.034514178788903, ""fd_d1"": -0.4676118836658267}",8,8,0.18302513500020723,0.00012504400001489557,0.014320531545903396,0.0169983568391951,0.033174054972273596,0,AOM_v0/0.1.0,,,,,
ALPINE,ALPINE_P_291_KS,regression,POP-simpls-materialized-numpy,POP-simpls-materialized-numpy,,ok,,compact,,,0.08036322221164427,0.0651746819923488,0.36740073447797295,,0,3,,,,,,,,,,,,,POP-simpls-materialized-numpy,numpy,simpls_materialized,per_component,covariance,original,compact,"[7, 3, 7, 6, 8, 0, 7, 7]","{""component_1"": {""identity"": 0.12474688139830023, ""sg_smooth_w11_p2"": 0.1247431517793242, ""sg_smooth_w21_p3"": 0.12473948650227826, ""sg_d1_w11_p2"": 0.12328163892198422, ""sg_d1_w21_p3"": 0.12349089426561079, ""sg_d2_w11_p2"": 0.1302097035378391, ""detrend_d1"": 0.11993364406240235, ""detrend_d2"": 0.11522985867169745, ""fd_d1"": 0.1275263540647577}, ""component_2"": {""identity"": 0.11448705905493549, ""sg_smooth_w11_p2"": 0.11448712910074305, ""sg_smooth_w21_p3"": 0.11448715473693917, ""sg_d1_w11_p2"": 0.10337979569282624, ""sg_d1_w21_p3"": 0.10355847826414552, ""sg_d2_w11_p2"": 0.1138484880909625, ""detrend_d1"": 0.11324009549712002, ""detrend_d2"": 0.10662685717110218, ""fd_d1"": 0.1073745257982356}, ""component_3"": {""identity"": 0.10099382196032777, ""sg_smooth_w11_p2"": 0.10102640157180214, ""sg_smooth_w21_p3"": 0.10105401798428648, ""sg_d1_w11_p2"": 0.10011416875142948, ""sg_d1_w21_p3"": 0.10032499148434122, ""sg_d2_w11_p2"": 0.10183501930805754, ""detrend_d1"": 0.09943982731562126, ""detrend_d2"": 0.098001315525331, ""fd_d1"": 0.10135045295175489}, ""component_4"": {""identity"": 0.0968168587623792, ""sg_smooth_w11_p2"": 0.09682295139725808, ""sg_smooth_w21_p3"": 0.09682762871742352, ""sg_d1_w11_p2"": 0.09631361180982585, ""sg_d1_w21_p3"": 0.09640552979598833, ""sg_d2_w11_p2"": 0.09651888314051255, ""detrend_d1"": 0.09189508757065164, ""detrend_d2"": 0.09283607343476077, ""fd_d1"": 0.0963958097226265}, ""component_5"": {""identity"": 0.09022928386786032, ""sg_smooth_w11_p2"": 0.09025204148675073, ""sg_smooth_w21_p3"": 0.09026832470067675, ""sg_d1_w11_p2"": 0.09049440115538981, ""sg_d1_w21_p3"": 0.09019629213611684, ""sg_d2_w11_p2"": 0.08767851256159444, ""detrend_d1"": 0.08970922375585486, ""detrend_d2"": 0.0910603048933107, ""fd_d1"": 0.08700162583468349}, ""component_6"": {""identity"": 0.08352550536640847, ""sg_smooth_w11_p2"": 0.08353042975086235, ""sg_smooth_w21_p3"": 0.0835349922646574, ""sg_d1_w11_p2"": 0.08614333061640292, ""sg_d1_w21_p3"": 0.08617156203821545, ""sg_d2_w11_p2"": 0.08697377934543657, ""detrend_d1"": 0.08489648095430419, ""detrend_d2"": 0.08444406813949018, ""fd_d1"": 0.08664674863038796}, ""component_7"": {""identity"": 0.08276862739684017, ""sg_smooth_w11_p2"": 0.08278083395093107, ""sg_smooth_w21_p3"": 0.08279295376226041, ""sg_d1_w11_p2"": 0.08176558617220422, ""sg_d1_w21_p3"": 0.08178568235153737, ""sg_d2_w11_p2"": 0.08328863131448537, ""detrend_d1"": 0.08064794584009995, ""detrend_d2"": 0.08034670430674976, ""fd_d1"": 0.08261286379245354}, ""component_8"": {""identity"": 0.07980998632437358, ""sg_smooth_w11_p2"": 0.07981383980750392, ""sg_smooth_w21_p3"": 0.07981694513546853, ""sg_d1_w11_p2"": 0.07979302623075281, ""sg_d1_w21_p3"": 0.0797659437944261, ""sg_d2_w11_p2"": 0.08034379344723162, ""detrend_d1"": 0.08026427894570552, ""detrend_d2"": 0.07952205963347514, ""fd_d1"": 0.08011352259685141}}",8,8,4.310384552999494,0.00013210999986768002,0.018092472558691668,0.020770297851983373,0.03694599598506187,0,AOM_v0/0.1.0,,,,,
ALPINE,ALPINE_P_291_KS,regression,POP-simpls-covariance-numpy,POP-simpls-covariance-numpy,,ok,,compact,,,0.08036322221164355,0.06517468199235006,0.36740073447798416,,0,3,,,,,,,,,,,,,POP-simpls-covariance-numpy,numpy,simpls_covariance,per_component,covariance,original,compact,"[7, 3, 7, 6, 8, 0, 7, 7]","{""component_1"": {""identity"": 0.12474688139830023, ""sg_smooth_w11_p2"": 0.1247431517793242, ""sg_smooth_w21_p3"": 0.12473948650227826, ""sg_d1_w11_p2"": 0.12328163892198424, ""sg_d1_w21_p3"": 0.12349089426561079, ""sg_d2_w11_p2"": 0.1302097035378391, ""detrend_d1"": 0.11993364406240234, ""detrend_d2"": 0.11522985867169745, ""fd_d1"": 0.1275263540647577}, ""component_2"": {""identity"": 0.11448705905493549, ""sg_smooth_w11_p2"": 0.11448712910074303, ""sg_smooth_w21_p3"": 0.11448715473693917, ""sg_d1_w11_p2"": 0.10337979569282622, ""sg_d1_w21_p3"": 0.10355847826414549, ""sg_d2_w11_p2"": 0.1138484880909625, ""detrend_d1"": 0.11324009549712004, ""detrend_d2"": 0.10662685717110218, ""fd_d1"": 0.10737452579823557}, ""component_3"": {""identity"": 0.10099382196032775, ""sg_smooth_w11_p2"": 0.1010264015718021, ""sg_smooth_w21_p3"": 0.10105401798428645, ""sg_d1_w11_p2"": 0.10011416875142946, ""sg_d1_w21_p3"": 0.10032499148434121, ""sg_d2_w11_p2"": 0.10183501930805752, ""detrend_d1"": 0.09943982731562126, ""detrend_d2"": 0.09800131552533102, ""fd_d1"": 0.10135045295175488}, ""component_4"": {""identity"": 0.09681685876237921, ""sg_smooth_w11_p2"": 0.09682295139725808, ""sg_smooth_w21_p3"": 0.09682762871742352, ""sg_d1_w11_p2"": 0.09631361180982584, ""sg_d1_w21_p3"": 0.09640552979598838, ""sg_d2_w11_p2"": 0.09651888314051252, ""detrend_d1"": 0.09189508757065146, ""detrend_d2"": 0.09283607343476068, ""fd_d1"": 0.09639580972262649}, ""component_5"": {""identity"": 0.09022928386786029, ""sg_smooth_w11_p2"": 0.09025204148675073, ""sg_smooth_w21_p3"": 0.09026832470067675, ""sg_d1_w11_p2"": 0.09049440115538944, ""sg_d1_w21_p3"": 0.09019629213611652, ""sg_d2_w11_p2"": 0.08767851256159427, ""detrend_d1"": 0.0897092237558543, ""detrend_d2"": 0.09106030489331024, ""fd_d1"": 0.08700162583468357}, ""component_6"": {""identity"": 0.08352550536640868, ""sg_smooth_w11_p2"": 0.08353042975086257, ""sg_smooth_w21_p3"": 0.08353499226465759, ""sg_d1_w11_p2"": 0.08614333061640264, ""sg_d1_w21_p3"": 0.08617156203821519, ""sg_d2_w11_p2"": 0.08697377934543672, ""detrend_d1"": 0.08489648095430402, ""detrend_d2"": 0.08444406813949037, ""fd_d1"": 0.08664674863038781}, ""component_7"": {""identity"": 0.08276862739684072, ""sg_smooth_w11_p2"": 0.08278083395093162, ""sg_smooth_w21_p3"": 0.08279295376226095, ""sg_d1_w11_p2"": 0.08176558617220432, ""sg_d1_w21_p3"": 0.0817856823515375, ""sg_d2_w11_p2"": 0.08328863131448559, ""detrend_d1"": 0.08064794584009925, ""detrend_d2"": 0.08034670430674948, ""fd_d1"": 0.08261286379245361}, ""component_8"": {""identity"": 0.07980998632437292, ""sg_smooth_w11_p2"": 0.07981383980750326, ""sg_smooth_w21_p3"": 0.07981694513546785, ""sg_d1_w11_p2"": 0.07979302623075221, ""sg_d1_w21_p3"": 0.07976594379442546, ""sg_d2_w11_p2"": 0.08034379344723137, ""detrend_d1"": 0.08026427894570548, ""detrend_d2"": 0.07952205963347392, ""fd_d1"": 0.08011352259685102}}",8,8,2.4665984160001244,0.00013118399965605931,0.018092472558690946,0.02077029785198265,0.036945995985061146,0,AOM_v0/0.1.0,,,,,
ALPINE,ALPINE_P_291_KS,regression,Superblock-simpls-numpy,Superblock-simpls-numpy,,skipped,"matmul: Input operand 1 has a mismatch in its core dimension 0, with gufunc signature (n?,k),(k,m?)->(n?,m?) (size 19359 is different from 2151)",,,,,,,,0,,,,,,,,,,,,,,Superblock-simpls-numpy,numpy,simpls_covariance,superblock,,,compact,,,,,,,,,,0,AOM_v0/0.1.0,exception during run,,,,
ALPINE,ALPINE_P_291_KS,regression,AOM-soft-simpls-covariance-numpy,AOM-soft-simpls-covariance-numpy,,ok,,compact,,,0.07671245937651701,0.05898286556191734,0.423571012508578,,0,3,,,,,,,,,,,,,AOM-soft-simpls-covariance-numpy,numpy,simpls_covariance,soft,covariance,original,compact,"[0, 0, 0, 0, 0, 0, 0, 0]","{""weights"": [[0.33541628938975365, 0.3333018115840771, 0.3311901748494836, 4.60202236687453e-15, 4.6278432422144715e-15, 3.5073795583100472e-15, 9.16938675048777e-05, 3.030916271071369e-08, 5.259617625505854e-15], [0.3374883398543923, 0.3321350471143161, 0.32720647848801604, 8.548322429771803e-08, 8.625455721105496e-08, 7.139850165843876e-08, 0.002615731552102003, 0.0005540541947100476, 1.056601805212012e-07], [0.3195537508891972, 0.31668703362918815, 0.314134743512869, 0.00011081728645840816, 0.0001114355997059546, 9.744257694073993e-05, 0.036623461060846914, 0.012557516345343854, 0.0001237990994497672], [0.2924461175038797, 0.2901405542881858, 0.28792107766007, 0.0016828747630433583, 0.0016899642173368733, 0.0015185413150701568, 0.07162506853426197, 0.05115276607923816, 0.0018230356389139265], [0.20395415950630374, 0.20316715909046784, 0.20208089531264659, 0.0070604061989229345, 0.007083314531113464, 0.006343924312245039, 0.19480980511021226, 0.16816624795177423, 0.0073340879863139875], [0.2077075428073343, 0.20735214762790155, 0.2071457501394781, 0.0115902924120656, 0.011607055791041364, 0.010837754818270104, 0.17413329101867792, 0.15765599935028954, 0.011970166034941674], [0.17439104975002367, 0.17308627718152308, 0.17168868408699758, 0.034803405816111424, 0.034837795425890716, 0.03288917955942708, 0.17329378304812423, 0.16867248795210957, 0.03633733717979271], [0.15310971311205027, 0.1526463155536293, 0.1523712935424219, 0.06025500861715632, 0.06032954260934945, 0.05885673064903384, 0.15301505995076578, 0.14702592721351776, 0.06239040875207532]]}",8,8,0.6728463910003484,0.00013070699969830457,0.014441709723564407,0.017119535016856112,0.03329523314993461,0,AOM_v0/0.1.0,experimental,,,,
AMYLOSE,Rice_Amylose_313_YbasedSplit,regression,PLS-standard-numpy,PLS-standard-numpy,,ok,,identity,,,4.329051316588838,3.3630009965373615,0.31529801499530263,,0,3,,,,,,,,,,,,,PLS-standard-numpy,numpy,pls_standard,none,covariance,transformed,identity,"[0, 0, 0, 0, 0, 0, 0, 0]","{""identity"": 0.0}",8,8,0.011903321999852778,0.0001891450001494377,2.423737545540004,-0.1821070376774223,2.6965764485299197,0,AOM_v0/0.1.0,,,,,
AMYLOSE,Rice_Amylose_313_YbasedSplit,regression,AOM-global-nipals-materialized-numpy,AOM-global-nipals-materialized-numpy,,ok,,compact,,,4.329051316588838,3.3630009965373615,0.31529801499530263,,0,3,,,,,,,,,,,,,AOM-global-nipals-materialized-numpy,numpy,nipals_materialized,global,covariance,transformed,compact,"[0, 0, 0, 0, 0, 0, 0, 0]","{""identity"": -106.72948332741748, ""sg_smooth_w11_p2"": -106.63704642650931, ""sg_smooth_w21_p3"": -106.34548139966049, ""sg_d1_w11_p2"": -3.8400425555324276, ""sg_d1_w21_p3"": -4.080570117402746, ""sg_d2_w11_p2"": -0.8600377322265582, ""detrend_d1"": -61.69264083203734, ""detrend_d2"": -27.514597706502247, ""fd_d1"": -4.912998878116381}",8,8,0.058013693999782845,0.00016886200046428712,2.423737545540004,-0.1821070376774223,2.6965764485299197,0,AOM_v0/0.1.0,,,,,
AMYLOSE,Rice_Amylose_313_YbasedSplit,regression,AOM-global-nipals-adjoint-numpy,AOM-global-nipals-adjoint-numpy,,ok,,compact,,,4.329051316588839,3.3630009965373615,0.3152980149953022,,0,3,,,,,,,,,,,,,AOM-global-nipals-adjoint-numpy,numpy,nipals_adjoint,global,covariance,transformed,compact,"[0, 0, 0, 0, 0, 0, 0, 0]","{""identity"": -106.72948332741748, ""sg_smooth_w11_p2"": -106.63704642650931, ""sg_smooth_w21_p3"": -106.34548139966049, ""sg_d1_w11_p2"": -3.8400425555324276, ""sg_d1_w21_p3"": -4.080570117402746, ""sg_d2_w11_p2"": -0.8600377322265582, ""detrend_d1"": -61.69264083203734, ""detrend_d2"": -27.514597706502247, ""fd_d1"": -4.912998878116381}",8,8,0.04126134799935244,0.00017978500000026543,2.4237375455400056,-0.18210703767742054,2.6965764485299215,0,AOM_v0/0.1.0,,,,,
AMYLOSE,Rice_Amylose_313_YbasedSplit,regression,POP-nipals-materialized-numpy,POP-nipals-materialized-numpy,,ok,,compact,,,3.918148973860127,2.936299138323726,0.4391095985447411,,0,3,,,,,,,,,,,,,POP-nipals-materialized-numpy,numpy,nipals_materialized,per_component,covariance,original,compact,"[5, 6, 5, 5, 8, 5, 3, 5]","{""component_1"": {""identity"": 5.267729417882761, ""sg_smooth_w11_p2"": 5.267818233288699, ""sg_smooth_w21_p3"": 5.268058131760362, ""sg_d1_w11_p2"": 5.200519350866719, ""sg_d1_w21_p3"": 5.200316290524895, ""sg_d2_w11_p2"": 5.119968986628631, ""detrend_d1"": 5.173624350229281, ""detrend_d2"": 5.230909829353559, ""fd_d1"": 5.139519115098964}, ""component_2"": {""identity"": 5.096194218437621, ""sg_smooth_w11_p2"": 5.0964852130707605, ""sg_smooth_w21_p3"": 5.096821592346894, ""sg_d1_w11_p2"": 5.051263958861484, ""sg_d1_w21_p3"": 5.055080648287384, ""sg_d2_w11_p2"": 5.069581719295055, ""detrend_d1"": 5.018771256894348, ""detrend_d2"": 5.0607368131597426, ""fd_d1"": 5.0483263003284895}, ""component_3"": {""identity"": 4.980000090346683, ""sg_smooth_w11_p2"": 4.980119884939973, ""sg_smooth_w21_p3"": 4.980360344257523, ""sg_d1_w11_p2"": 4.888755905705272, ""sg_d1_w21_p3"": 4.886659890429643, ""sg_d2_w11_p2"": 4.802539560274575, ""detrend_d1"": 4.952179531827352, ""detrend_d2"": 4.9190449752855105, ""fd_d1"": 4.865298980140036}, ""component_4"": {""identity"": 4.79219041988241, ""sg_smooth_w11_p2"": 4.7922908574313245, ""sg_smooth_w21_p3"": 4.792389017103308, ""sg_d1_w11_p2"": 4.600908512103134, ""sg_d1_w21_p3"": 4.633474193258824, ""sg_d2_w11_p2"": 4.580336956920279, ""detrend_d1"": 4.718804337264876, ""detrend_d2"": 4.632376829634711, ""fd_d1"": 4.694766700197338}, ""component_5"": {""identity"": 4.575697555260887, ""sg_smooth_w11_p2"": 4.575775980464991, ""sg_smooth_w21_p3"": 4.575788251669221, ""sg_d1_w11_p2"": 4.565937814540913, ""sg_d1_w21_p3"": 4.565762608402639, ""sg_d2_w11_p2"": 4.5270460296438815, ""detrend_d1"": 4.566310120224249, ""detrend_d2"": 4.556322199946935, ""fd_d1"": 4.521453019357584}, ""component_6"": {""identity"": 4.417434591880771, ""sg_smooth_w11_p2"": 4.417454047940547, ""sg_smooth_w21_p3"": 4.417477270309518, ""sg_d1_w11_p2"": 4.407992750488836, ""sg_d1_w21_p3"": 4.410238941571206, ""sg_d2_w11_p2"": 4.388163808045817, ""detrend_d1"": 4.416081472710795, ""detrend_d2"": 4.410837164168199, ""fd_d1"": 4.394342466353592}, ""component_7"": {""identity"": 4.3257401486765055, ""sg_smooth_w11_p2"": 4.329360569757527, ""sg_smooth_w21_p3"": 4.331099289678518, ""sg_d1_w11_p2"": 3.693402201687232, ""sg_d1_w21_p3"": 3.7332272264799, ""sg_d2_w11_p2"": 3.8368505124502987, ""detrend_d1"": 4.101164778959708, ""detrend_d2"": 4.108994798302722, ""fd_d1"": 4.222113237578392}, ""component_8"": {""identity"": 3.6539341226121542, ""sg_smooth_w11_p2"": 3.6541541667097706, ""sg_smooth_w21_p3"": 3.6542990542749605, ""sg_d1_w11_p2"": 3.56767359376758, ""sg_d1_w21_p3"": 3.5661907785783176, ""sg_d2_w11_p2"": 3.4118188935990776, ""detrend_d1"": 3.6403878298919476, ""detrend_d2"": 3.63015883945008, ""fd_d1"": 3.425140348519853}}",8,8,1.8670124330001272,0.00018018100035988027,2.0128352028112935,-0.5930093804061327,2.2856741058012093,0,AOM_v0/0.1.0,,,,,
AMYLOSE,Rice_Amylose_313_YbasedSplit,regression,POP-nipals-adjoint-numpy,POP-nipals-adjoint-numpy,,ok,,compact,,,3.9181489738601116,2.9362991383237107,0.4391095985447455,,0,3,,,,,,,,,,,,,POP-nipals-adjoint-numpy,numpy,nipals_adjoint,per_component,covariance,original,compact,"[5, 6, 5, 5, 8, 5, 3, 5]","{""component_1"": {""identity"": 5.267729417882761, ""sg_smooth_w11_p2"": 5.267818233288699, ""sg_smooth_w21_p3"": 5.268058131760362, ""sg_d1_w11_p2"": 5.200519350866719, ""sg_d1_w21_p3"": 5.200316290524895, ""sg_d2_w11_p2"": 5.119968986628631, ""detrend_d1"": 5.173624350229281, ""detrend_d2"": 5.23090982935356, ""fd_d1"": 5.139519115098964}, ""component_2"": {""identity"": 5.0961942184376205, ""sg_smooth_w11_p2"": 5.0964852130707605, ""sg_smooth_w21_p3"": 5.096821592346894, ""sg_d1_w11_p2"": 5.051263958861484, ""sg_d1_w21_p3"": 5.055080648287384, ""sg_d2_w11_p2"": 5.069581719295055, ""detrend_d1"": 5.018771256894347, ""detrend_d2"": 5.0607368131597426, ""fd_d1"": 5.0483263003284895}, ""component_3"": {""identity"": 4.980000090346683, ""sg_smooth_w11_p2"": 4.980119884939974, ""sg_smooth_w21_p3"": 4.980360344257524, ""sg_d1_w11_p2"": 4.888755905705272, ""sg_d1_w21_p3"": 4.886659890429643, ""sg_d2_w11_p2"": 4.802539560274575, ""detrend_d1"": 4.952179531827352, ""detrend_d2"": 4.91904497528551, ""fd_d1"": 4.865298980140037}, ""component_4"": {""identity"": 4.79219041988241, ""sg_smooth_w11_p2"": 4.792290857431325, ""sg_smooth_w21_p3"": 4.792389017103308, ""sg_d1_w11_p2"": 4.600908512103128, ""sg_d1_w21_p3"": 4.633474193258819, ""sg_d2_w11_p2"": 4.580336956920278, ""detrend_d1"": 4.718804337264879, ""detrend_d2"": 4.6323768296347145, ""fd_d1"": 4.694766700197338}, ""component_5"": {""identity"": 4.575697555260887, ""sg_smooth_w11_p2"": 4.575775980464991, ""sg_smooth_w21_p3"": 4.575788251669221, ""sg_d1_w11_p2"": 4.565937814540911, ""sg_d1_w21_p3"": 4.565762608402638, ""sg_d2_w11_p2"": 4.5270460296438815, ""detrend_d1"": 4.566310120224248, ""detrend_d2"": 4.556322199946935, ""fd_d1"": 4.521453019357584}, ""component_6"": {""identity"": 4.417434591880771, ""sg_smooth_w11_p2"": 4.417454047940547, ""sg_smooth_w21_p3"": 4.417477270309518, ""sg_d1_w11_p2"": 4.4079927504888365, ""sg_d1_w21_p3"": 4.410238941571206, ""sg_d2_w11_p2"": 4.38816380804582, ""detrend_d1"": 4.416081472710794, ""detrend_d2"": 4.4108371641682, ""fd_d1"": 4.394342466353592}, ""component_7"": {""identity"": 4.325740148676491, ""sg_smooth_w11_p2"": 4.3293605697575135, ""sg_smooth_w21_p3"": 4.331099289678505, ""sg_d1_w11_p2"": 3.6934022016872095, ""sg_d1_w21_p3"": 3.7332272264798756, ""sg_d2_w11_p2"": 3.8368505124502983, ""detrend_d1"": 4.101164778959721, ""detrend_d2"": 4.108994798302728, ""fd_d1"": 4.2221132375783945}, ""component_8"": {""identity"": 3.653934122612141, ""sg_smooth_w11_p2"": 3.654154166709757, ""sg_smooth_w21_p3"": 3.654299054274947, ""sg_d1_w11_p2"": 3.5676735937675694, ""sg_d1_w21_p3"": 3.5661907785783056, ""sg_d2_w11_p2"": 3.4118188935990728, ""detrend_d1"": 3.640387829891928, ""detrend_d2"": 3.630158839450061, ""fd_d1"": 3.4251403485198493}}",8,8,1.2367784589996518,0.0001757099998940248,2.012835202811278,-0.5930093804061483,2.285674105801194,0,AOM_v0/0.1.0,,,,,
AMYLOSE,Rice_Amylose_313_YbasedSplit,regression,AOM-global-simpls-materialized-numpy,AOM-global-simpls-materialized-numpy,,ok,,compact,,,4.329051316588841,3.3630009965373637,0.31529801499530163,,0,3,,,,,,,,,,,,,AOM-global-simpls-materialized-numpy,numpy,simpls_materialized,global,covariance,transformed,compact,"[0, 0, 0, 0, 0, 0, 0, 0]","{""identity"": -106.72948332741748, ""sg_smooth_w11_p2"": -106.63704642650931, ""sg_smooth_w21_p3"": -106.34548139966049, ""sg_d1_w11_p2"": -3.8400425555324276, ""sg_d1_w21_p3"": -4.080570117402746, ""sg_d2_w11_p2"": -0.8600377322265582, ""detrend_d1"": -61.69264083203734, ""detrend_d2"": -27.514597706502247, ""fd_d1"": -4.912998878116381}",8,8,0.03406536900001811,0.00017459099944971967,2.4237375455400074,-0.18210703767741876,2.6965764485299233,0,AOM_v0/0.1.0,,,,,
AMYLOSE,Rice_Amylose_313_YbasedSplit,regression,AOM-global-simpls-covariance-numpy,AOM-global-simpls-covariance-numpy,,ok,,compact,,,4.32905131658884,3.3630009965373615,0.3152980149953021,,0,3,,,,,,,,,,,,,AOM-global-simpls-covariance-numpy,numpy,simpls_covariance,global,covariance,transformed,compact,"[0, 0, 0, 0, 0, 0, 0, 0]","{""identity"": -106.72948332741748, ""sg_smooth_w11_p2"": -106.63704642650931, ""sg_smooth_w21_p3"": -106.34548139966049, ""sg_d1_w11_p2"": -3.8400425555324276, ""sg_d1_w21_p3"": -4.080570117402746, ""sg_d2_w11_p2"": -0.8600377322265582, ""detrend_d1"": -61.69264083203734, ""detrend_d2"": -27.514597706502247, ""fd_d1"": -4.912998878116381}",8,8,0.03441540299991175,0.00018731000000116182,2.4237375455400065,-0.18210703767741965,2.6965764485299224,0,AOM_v0/0.1.0,,,,,
AMYLOSE,Rice_Amylose_313_YbasedSplit,regression,POP-simpls-materialized-numpy,POP-simpls-materialized-numpy,,ok,,compact,,,4.440718753032179,3.4491303044922295,0.27951879470653973,,0,3,,,,,,,,,,,,,POP-simpls-materialized-numpy,numpy,simpls_materialized,per_component,covariance,original,compact,"[5, 0, 0, 6, 2, 3, 5, 7]","{""component_1"": {""identity"": 5.267729417882761, ""sg_smooth_w11_p2"": 5.267818233288699, ""sg_smooth_w21_p3"": 5.268058131760362, ""sg_d1_w11_p2"": 5.200519350866719, ""sg_d1_w21_p3"": 5.200316290524895, ""sg_d2_w11_p2"": 5.119968986628631, ""detrend_d1"": 5.173624350229281, ""detrend_d2"": 5.23090982935356, ""fd_d1"": 5.139519115098964}, ""component_2"": {""identity"": 4.792019383153879, ""sg_smooth_w11_p2"": 4.79536576700319, ""sg_smooth_w21_p3"": 4.796685481778862, ""sg_d1_w11_p2"": 5.1012231919346664, ""sg_d1_w21_p3"": 5.101805864241437, ""sg_d2_w11_p2"": 5.069581719295055, ""detrend_d1"": 5.073763170520898, ""detrend_d2"": 5.063525112287889, ""fd_d1"": 5.073018205011272}, ""component_3"": {""identity"": 4.703438050296106, ""sg_smooth_w11_p2"": 4.707549411383779, ""sg_smooth_w21_p3"": 4.709610441009893, ""sg_d1_w11_p2"": 4.789902809786505, ""sg_d1_w21_p3"": 4.790985035104847, ""sg_d2_w11_p2"": 4.763414070108317, ""detrend_d1"": 4.716448606355842, ""detrend_d2"": 4.770896773620396, ""fd_d1"": 4.75331629611824}, ""component_4"": {""identity"": 4.621048349469762, ""sg_smooth_w11_p2"": 4.615153825986755, ""sg_smooth_w21_p3"": 4.608975213654618, ""sg_d1_w11_p2"": 4.702933221601977, ""sg_d1_w21_p3"": 4.703414948668429, ""sg_d2_w11_p2"": 4.641883968492733, ""detrend_d1"": 4.572938426084017, ""detrend_d2"": 4.701941412898555, ""fd_d1"": 4.637936528526032}, ""component_5"": {""identity"": 4.505906771907909, ""sg_smooth_w11_p2"": 4.491478182851097, ""sg_smooth_w21_p3"": 4.484008142307552, ""sg_d1_w11_p2"": 4.560703907504625, ""sg_d1_w21_p3"": 4.556134077532201, ""sg_d2_w11_p2"": 4.5166905172703515, ""detrend_d1"": 4.508961738388488, ""detrend_d2"": 4.503497332865741, ""fd_d1"": 4.525656736215625}, ""component_6"": {""identity"": 4.3440498891548, ""sg_smooth_w11_p2"": 4.303820081225326, ""sg_smooth_w21_p3"": 4.3123382790782525, ""sg_d1_w11_p2"": 4.147742605637396, ""sg_d1_w21_p3"": 4.19695819255295, ""sg_d2_w11_p2"": 4.459381334952619, ""detrend_d1"": 4.470973674280926, ""detrend_d2"": 4.309946035699905, ""fd_d1"": 4.474192665377331}, ""component_7"": {""identity"": 4.063934319076852, ""sg_smooth_w11_p2"": 4.065557607987013, ""sg_smooth_w21_p3"": 4.069439788386142, ""sg_d1_w11_p2"": 4.1248886717037125, ""sg_d1_w21_p3"": 4.064451492956798, ""sg_d2_w11_p2"": 4.039444607640593, ""detrend_d1"": 4.0599531241402325, ""detrend_d2"": 4.044492378164131, ""fd_d1"": 4.066710018242252}, ""component_8"": {""identity"": 3.7820474908952377, ""sg_smooth_w11_p2"": 3.8329613883261517, ""sg_smooth_w21_p3"": 3.834723050853037, ""sg_d1_w11_p2"": 3.7599842931315135, ""sg_d1_w21_p3"": 3.7941293629119066, ""sg_d2_w11_p2"": 3.8026159848536976, ""detrend_d1"": 3.800123103073684, ""detrend_d2"": 3.754944237963574, ""fd_d1"": 3.875592313307206}}",8,8,0.898227510999277,0.0001733860008243937,2.5354049819833455,-0.07043960123408066,2.8082438849732614,0,AOM_v0/0.1.0,,,,,
AMYLOSE,Rice_Amylose_313_YbasedSplit,regression,POP-simpls-covariance-numpy,POP-simpls-covariance-numpy,,ok,,compact,,,4.4407187530148295,3.4491303044698487,0.27951879471216945,,0,3,,,,,,,,,,,,,POP-simpls-covariance-numpy,numpy,simpls_covariance,per_component,covariance,original,compact,"[5, 0, 0, 6, 2, 3, 5, 7]","{""component_1"": {""identity"": 5.267729417882761, ""sg_smooth_w11_p2"": 5.267818233288699, ""sg_smooth_w21_p3"": 5.268058131760362, ""sg_d1_w11_p2"": 5.200519350866719, ""sg_d1_w21_p3"": 5.200316290524895, ""sg_d2_w11_p2"": 5.119968986628631, ""detrend_d1"": 5.173624350229281, ""detrend_d2"": 5.23090982935356, ""fd_d1"": 5.139519115098964}, ""component_2"": {""identity"": 4.792019383153877, ""sg_smooth_w11_p2"": 4.795365767003189, ""sg_smooth_w21_p3"": 4.796685481778861, ""sg_d1_w11_p2"": 5.1012231919346664, ""sg_d1_w21_p3"": 5.101805864241437, ""sg_d2_w11_p2"": 5.069581719295055, ""detrend_d1"": 5.073763170520898, ""detrend_d2"": 5.063525112287889, ""fd_d1"": 5.073018205011271}, ""component_3"": {""identity"": 4.703438050296108, ""sg_smooth_w11_p2"": 4.707549411383781, ""sg_smooth_w21_p3"": 4.709610441009895, ""sg_d1_w11_p2"": 4.789902809786504, ""sg_d1_w21_p3"": 4.790985035104847, ""sg_d2_w11_p2"": 4.7634140701083165, ""detrend_d1"": 4.716448606355842, ""detrend_d2"": 4.770896773620395, ""fd_d1"": 4.753316296118239}, ""component_4"": {""identity"": 4.62104834946976, ""sg_smooth_w11_p2"": 4.615153825986752, ""sg_smooth_w21_p3"": 4.608975213654613, ""sg_d1_w11_p2"": 4.7029332216019775, ""sg_d1_w21_p3"": 4.70341494866843, ""sg_d2_w11_p2"": 4.641883968492732, ""detrend_d1"": 4.572938426084026, ""detrend_d2"": 4.701941412898557, ""fd_d1"": 4.637936528526032}, ""component_5"": {""identity"": 4.505906771907893, ""sg_smooth_w11_p2"": 4.491478182851064, ""sg_smooth_w21_p3"": 4.484008142307508, ""sg_d1_w11_p2"": 4.560703907504625, ""sg_d1_w21_p3"": 4.5561340775322, ""sg_d2_w11_p2"": 4.516690517270355, ""detrend_d1"": 4.5089617383884955, ""detrend_d2"": 4.503497332865766, ""fd_d1"": 4.525656736215628}, ""component_6"": {""identity"": 4.344049889154193, ""sg_smooth_w11_p2"": 4.303820081224577, ""sg_smooth_w21_p3"": 4.312338279077542, ""sg_d1_w11_p2"": 4.147742605637966, ""sg_d1_w21_p3"": 4.196958192553486, ""sg_d2_w11_p2"": 4.4593813349525435, ""detrend_d1"": 4.470973674280887, ""detrend_d2"": 4.309946035699924, ""fd_d1"": 4.474192665377275}, ""component_7"": {""identity"": 4.0639343190771555, ""sg_smooth_w11_p2"": 4.065557607987237, ""sg_smooth_w21_p3"": 4.069439788386437, ""sg_d1_w11_p2"": 4.124888671694672, ""sg_d1_w21_p3"": 4.0644514929554685, ""sg_d2_w11_p2"": 4.039444607640982, ""detrend_d1"": 4.059953124140447, ""detrend_d2"": 4.044492378164373, ""fd_d1"": 4.066710018243693}, ""component_8"": {""identity"": 3.782047490886777, ""sg_smooth_w11_p2"": 3.832961388314314, ""sg_smooth_w21_p3"": 3.8347230508393753, ""sg_d1_w11_p2"": 3.7599842931328196, ""sg_d1_w21_p3"": 3.794129362917911, ""sg_d2_w11_p2"": 3.8026159848549357, ""detrend_d1"": 3.800123103056624, ""detrend_d2"": 3.7549442379593194, ""fd_d1"": 3.8755923133087355}}",8,8,0.788011206000192,0.00016421100008301437,2.535404981965996,-0.07043960125143034,2.8082438849559117,0,AOM_v0/0.1.0,,,,,
AMYLOSE,Rice_Amylose_313_YbasedSplit,regression,Superblock-simpls-numpy,Superblock-simpls-numpy,,skipped,"matmul: Input operand 1 has a mismatch in its core dimension 0, with gufunc signature (n?,k),(k,m?)->(n?,m?) (size 10386 is different from 1154)",,,,,,,,0,,,,,,,,,,,,,,Superblock-simpls-numpy,numpy,simpls_covariance,superblock,,,compact,,,,,,,,,,0,AOM_v0/0.1.0,exception during run,,,,
AMYLOSE,Rice_Amylose_313_YbasedSplit,regression,AOM-soft-simpls-covariance-numpy,AOM-soft-simpls-covariance-numpy,,ok,,compact,,,4.292387301559402,3.335033587104368,0.3268467889716309,,0,3,,,,,,,,,,,,,AOM-soft-simpls-covariance-numpy,numpy,simpls_covariance,soft,covariance,original,compact,"[0, 0, 0, 0, 0, 0, 0, 0]","{""weights"": [[0.3856779494474237, 0.35162518482998084, 0.2626968657225956, 7.978264608631152e-46, 1.0147714239950114e-45, 4.05236714211063e-47, 1.0640759595032555e-20, 1.5262901436725486e-35, 2.3328533913575334e-45], [0.40442506725272714, 0.3401153374886802, 0.2554582684859973, 1.819212307845037e-21, 2.0484194653244213e-21, 4.766651937553368e-22, 1.3267725818842788e-06, 1.3494444009710776e-14, 7.757568958332485e-21], [0.554611231001936, 0.30512020109047505, 0.1402647460021471, 6.219525490568187e-16, 7.046808476600831e-16, 1.8712970053685613e-16, 3.040809386866893e-06, 7.81096048213415e-07, 5.312315285603648e-15], [0.26486033949993787, 0.21534403716684292, 0.17789154673314123, 0.0002871693240317172, 0.00029073436010243985, 0.0002226780609993953, 0.17634964977758608, 0.16408525751917158, 0.0006685875581866259], [0.2261730487771206, 0.20899068359811676, 0.1831218673538818, 8.222272443246664e-06, 8.529821148872995e-06, 4.9005371830408895e-06, 0.20658651842804943, 0.1750934792302205, 1.2749981835807141e-05], [0.29732157389808583, 0.21998632048741945, 0.0819248742524918, 0.00018479133251363217, 0.0001923789109322297, 9.624394426750484e-05, 0.2007387160756895, 0.19909268966058857, 0.0004624114380114621], [0.2846470613710408, 0.08485528994073582, 0.039077340763296345, 0.0049259838127220165, 0.004733678540342538, 0.004173293035877692, 0.2776209185429883, 0.2776069784600362, 0.02235945553296041], [0.23338614049590775, 0.14079429371611554, 0.127875034910397, 0.013497295552268309, 0.01357927315577897, 0.012393240749457751, 0.2233598681722556, 0.19804138042856695, 0.03707347281925214]]}",8,8,0.2631255930000407,0.00016441299976577284,2.3870735305105684,-0.21877105270685782,2.6599124335004842,0,AOM_v0/0.1.0,experimental,,,,
BEER,Beer_OriginalExtract_60_KS,regression,PLS-standard-numpy,PLS-standard-numpy,,ok,,identity,,,0.5712683498634331,0.37369125637566697,0.872468625328291,,0,3,,,,,,,,,,,,,PLS-standard-numpy,numpy,pls_standard,none,covariance,transformed,identity,"[0, 0, 0, 0, 0, 0, 0, 0]","{""identity"": 0.0}",8,8,0.0014102400000410853,2.2197999896889087e-05,0.1927306917966614,0.3202777333873814,0.4413626378201072,0,AOM_v0/0.1.0,,,,,
BEER,Beer_OriginalExtract_60_KS,regression,AOM-global-nipals-materialized-numpy,AOM-global-nipals-materialized-numpy,,ok,,compact,,,0.5712683498634331,0.37369125637566697,0.872468625328291,,0,3,,,,,,,,,,,,,AOM-global-nipals-materialized-numpy,numpy,nipals_materialized,global,covariance,transformed,compact,"[0, 0, 0, 0, 0, 0, 0, 0]","{""identity"": -21.79043086110224, ""sg_smooth_w11_p2"": -21.009673662436423, ""sg_smooth_w21_p3"": -20.8309678884728, ""sg_d1_w11_p2"": -1.1991254784371923, ""sg_d1_w21_p3"": -1.220857550738292, ""sg_d2_w11_p2"": -0.5320880961692519, ""detrend_d1"": -15.006213498913164, ""detrend_d2"": -14.817111544065444, ""fd_d1"": -4.7035773763571544}",8,8,0.009401364000041212,2.1991000721754972e-05,0.1927306917966614,0.3202777333873814,0.4413626378201072,0,AOM_v0/0.1.0,,,,,
BEER,Beer_OriginalExtract_60_KS,regression,AOM-global-nipals-adjoint-numpy,AOM-global-nipals-adjoint-numpy,,ok,,compact,,,0.5712683498634334,0.3736912563756669,0.8724686253282907,,0,3,,,,,,,,,,,,,AOM-global-nipals-adjoint-numpy,numpy,nipals_adjoint,global,covariance,transformed,compact,"[0, 0, 0, 0, 0, 0, 0, 0]","{""identity"": -21.79043086110224, ""sg_smooth_w11_p2"": -21.009673662436423, ""sg_smooth_w21_p3"": -20.8309678884728, ""sg_d1_w11_p2"": -1.1991254784371923, ""sg_d1_w21_p3"": -1.220857550738292, ""sg_d2_w11_p2"": -0.5320880961692519, ""detrend_d1"": -15.006213498913164, ""detrend_d2"": -14.817111544065444, ""fd_d1"": -4.7035773763571544}",8,8,0.012326445000326203,2.45809997068136e-05,0.19273069179666175,0.32027773338738175,0.44136263782010754,0,AOM_v0/0.1.0,,,,,
BEER,Beer_OriginalExtract_60_KS,regression,POP-nipals-materialized-numpy,POP-nipals-materialized-numpy,,ok,,compact,,,0.4212184345180698,0.3012782273706731,0.9306651702225979,,0,3,,,,,,,,,,,,,POP-nipals-materialized-numpy,numpy,nipals_materialized,per_component,covariance,original,compact,"[7, 7, 0, 0, 6, 6, 7, 6]","{""component_1"": {""identity"": 0.8905784449484844, ""sg_smooth_w11_p2"": 0.9473756588247862, ""sg_smooth_w21_p3"": 0.9578553135316352, ""sg_d1_w11_p2"": 0.9050195543365879, ""sg_d1_w21_p3"": 0.8458629878475823, ""sg_d2_w11_p2"": 1.688998016140013, ""detrend_d1"": 0.3153645388584301, ""detrend_d2"": 0.297577687058896, ""fd_d1"": 1.2687047519775712}, ""component_2"": {""identity"": 0.1207157903514231, ""sg_smooth_w11_p2"": 0.17878607426035314, ""sg_smooth_w21_p3"": 0.23069948967582996, ""sg_d1_w11_p2"": 0.15274796643596153, ""sg_d1_w21_p3"": 0.1742389356627816, ""sg_d2_w11_p2"": 0.15437599792725087, ""detrend_d1"": 0.11404358826251329, ""detrend_d2"": 0.11380915846183119, ""fd_d1"": 0.13236409207183056}, ""component_3"": {""identity"": 0.044906991692213113, ""sg_smooth_w11_p2"": 0.0758949973087747, ""sg_smooth_w21_p3"": 0.09327973964850565, ""sg_d1_w11_p2"": 0.07499287871278332, ""sg_d1_w21_p3"": 0.08325135115767639, ""sg_d2_w11_p2"": 0.06918840475379397, ""detrend_d1"": 0.046455105312230675, ""detrend_d2"": 0.046393347043380176, ""fd_d1"": 0.05295451793272739}, ""component_4"": {""identity"": 0.01924674259182875, ""sg_smooth_w11_p2"": 0.02608349946977473, ""sg_smooth_w21_p3"": 0.03289117949113855, ""sg_d1_w11_p2"": 0.030282751191332575, ""sg_d1_w21_p3"": 0.033229718319205855, ""sg_d2_w11_p2"": 0.022835607840002096, ""detrend_d1"": 0.01995108708407083, ""detrend_d2"": 0.019859142903864497, ""fd_d1"": 0.020964110725054493}, ""component_5"": {""identity"": 0.012785379252372603, ""sg_smooth_w11_p2"": 0.01782711858395561, ""sg_smooth_w21_p3"": 0.0183852195887303, ""sg_d1_w11_p2"": 0.011265055794674773, ""sg_d1_w21_p3"": 0.012750179178335085, ""sg_d2_w11_p2"": 0.009517771917997133, ""detrend_d1"": 0.008877740600266162, ""detrend_d2"": 0.008893084588105872, ""fd_d1"": 0.010245202474224203}, ""component_6"": {""identity"": 0.004094791755071215, ""sg_smooth_w11_p2"": 0.006759804213149087, ""sg_smooth_w21_p3"": 0.008118820723406204, ""sg_d1_w11_p2"": 0.005532880743083707, ""sg_d1_w21_p3"": 0.005909469533255146, ""sg_d2_w11_p2"": 0.0050243147203780985, ""detrend_d1"": 0.003720334123959706, ""detrend_d2"": 0.003723188509102851, ""fd_d1"": 0.004319308672061594}, ""component_7"": {""identity"": 0.0021082503274013906, ""sg_smooth_w11_p2"": 0.0034664980690062605, ""sg_smooth_w21_p3"": 0.0036239007468930086, ""sg_d1_w11_p2"": 0.0021802640415465413, ""sg_d1_w21_p3"": 0.0022745411052749365, ""sg_d2_w11_p2"": 0.002334308708634856, ""detrend_d1"": 0.0015309791433343622, ""detrend_d2"": 0.001524115935948163, ""fd_d1"": 0.0018647143612207473}, ""component_8"": {""identity"": 0.0008382914063874237, ""sg_smooth_w11_p2"": 0.00131205864128204, ""sg_smooth_w21_p3"": 0.0014344124721404952, ""sg_d1_w11_p2"": 0.0009980242473160718, ""sg_d1_w21_p3"": 0.0011033590314989663, ""sg_d2_w11_p2"": 0.0008438084584266751, ""detrend_d1"": 0.0007332219606913333, ""detrend_d2"": 0.0007343180394367886, ""fd_d1"": 0.0008782470403727313}}",8,8,0.8033663099995465,3.90069999411935e-05,0.042680776451298086,0.1702278180420181,0.2913127224747439,0,AOM_v0/0.1.0,,,,,
BEER,Beer_OriginalExtract_60_KS,regression,POP-nipals-adjoint-numpy,POP-nipals-adjoint-numpy,,ok,,compact,,,0.4212184345180698,0.30127822737067295,0.9306651702225979,,0,3,,,,,,,,,,,,,POP-nipals-adjoint-numpy,numpy,nipals_adjoint,per_component,covariance,original,compact,"[7, 7, 0, 0, 6, 6, 7, 6]","{""component_1"": {""identity"": 0.8905784449484845, ""sg_smooth_w11_p2"": 0.9473756588247864, ""sg_smooth_w21_p3"": 0.9578553135316352, ""sg_d1_w11_p2"": 0.9050195543365879, ""sg_d1_w21_p3"": 0.8458629878475823, ""sg_d2_w11_p2"": 1.6889980161400133, ""detrend_d1"": 0.3153645388584301, ""detrend_d2"": 0.29757768705889603, ""fd_d1"": 1.2687047519775714}, ""component_2"": {""identity"": 0.12071579035142331, ""sg_smooth_w11_p2"": 0.1787860742603533, ""sg_smooth_w21_p3"": 0.23069948967583018, ""sg_d1_w11_p2"": 0.15274796643596153, ""sg_d1_w21_p3"": 0.17423893566278156, ""sg_d2_w11_p2"": 0.15437599792725082, ""detrend_d1"": 0.1140435882625133, ""detrend_d2"": 0.11380915846183133, ""fd_d1"": 0.13236409207183072}, ""component_3"": {""identity"": 0.044906991692213113, ""sg_smooth_w11_p2"": 0.07589499730877455, ""sg_smooth_w21_p3"": 0.09327973964850543, ""sg_d1_w11_p2"": 0.07499287871278332, ""sg_d1_w21_p3"": 0.08325135115767643, ""sg_d2_w11_p2"": 0.06918840475379427, ""detrend_d1"": 0.04645510531223051, ""detrend_d2"": 0.046393347043380544, ""fd_d1"": 0.05295451793272731}, ""component_4"": {""identity"": 0.019246742591828816, ""sg_smooth_w11_p2"": 0.02608349946977469, ""sg_smooth_w21_p3"": 0.03289117949113795, ""sg_d1_w11_p2"": 0.030282751191332877, ""sg_d1_w21_p3"": 0.03322971831920612, ""sg_d2_w11_p2"": 0.022835607840002176, ""detrend_d1"": 0.01995108708407074, ""detrend_d2"": 0.019859142903864656, ""fd_d1"": 0.020964110725054358}, ""component_5"": {""identity"": 0.012785379252373191, ""sg_smooth_w11_p2"": 0.01782711858395593, ""sg_smooth_w21_p3"": 0.01838521958873047, ""sg_d1_w11_p2"": 0.01126505579467478, ""sg_d1_w21_p3"": 0.012750179178335135, ""sg_d2_w11_p2"": 0.009517771917997141, ""detrend_d1"": 0.00887774060026596, ""detrend_d2"": 0.008893084588105978, ""fd_d1"": 0.010245202474224325}, ""component_6"": {""identity"": 0.00409479175507122, ""sg_smooth_w11_p2"": 0.006759804213148683, ""sg_smooth_w21_p3"": 0.008118820723406231, ""sg_d1_w11_p2"": 0.005532880743083603, ""sg_d1_w21_p3"": 0.005909469533255305, ""sg_d2_w11_p2"": 0.005024314720378151, ""detrend_d1"": 0.0037203341239594786, ""detrend_d2"": 0.003723188509102907, ""fd_d1"": 0.004319308672061432}, ""component_7"": {""identity"": 0.0021082503274012358, ""sg_smooth_w11_p2"": 0.0034664980690063724, ""sg_smooth_w21_p3"": 0.0036239007468929297, ""sg_d1_w11_p2"": 0.0021802640415465977, ""sg_d1_w21_p3"": 0.002274541105274907, ""sg_d2_w11_p2"": 0.0023343087086349734, ""detrend_d1"": 0.0015309791433341614, ""detrend_d2"": 0.0015241159359482427, ""fd_d1"": 0.0018647143612207995}, ""component_8"": {""identity"": 0.0008382914063874736, ""sg_smooth_w11_p2"": 0.0013120586412821106, ""sg_smooth_w21_p3"": 0.0014344124721405109, ""sg_d1_w11_p2"": 0.0009980242473161276, ""sg_d1_w21_p3"": 0.0011033590314989147, ""sg_d2_w11_p2"": 0.0008438084584268302, ""detrend_d1"": 0.0007332219606913647, ""detrend_d2"": 0.0007343180394368945, ""fd_d1"": 0.0008782470403726429}}",8,8,0.12400013099977514,2.1979999473842327e-05,0.042680776451298086,0.1702278180420181,0.2913127224747439,0,AOM_v0/0.1.0,,,,,
BEER,Beer_OriginalExtract_60_KS,regression,AOM-global-simpls-materialized-numpy,AOM-global-simpls-materialized-numpy,,ok,,compact,,,0.5712683498634337,0.3736912563756673,0.8724686253282907,,0,3,,,,,,,,,,,,,AOM-global-simpls-materialized-numpy,numpy,simpls_materialized,global,covariance,transformed,compact,"[0, 0, 0, 0, 0, 0, 0, 0]","{""identity"": -21.79043086110224, ""sg_smooth_w11_p2"": -21.009673662436423, ""sg_smooth_w21_p3"": -20.8309678884728, ""sg_d1_w11_p2"": -1.1991254784371923, ""sg_d1_w21_p3"": -1.220857550738292, ""sg_d2_w11_p2"": -0.5320880961692519, ""detrend_d1"": -15.006213498913164, ""detrend_d2"": -14.817111544065444, ""fd_d1"": -4.7035773763571544}",8,8,0.014055741999982274,2.8142999326519202e-05,0.19273069179666197,0.32027773338738197,0.44136263782010776,0,AOM_v0/0.1.0,,,,,
BEER,Beer_OriginalExtract_60_KS,regression,AOM-global-simpls-covariance-numpy,AOM-global-simpls-covariance-numpy,,ok,,compact,,,0.5712683498634331,0.37369125637566686,0.872468625328291,,0,3,,,,,,,,,,,,,AOM-global-simpls-covariance-numpy,numpy,simpls_covariance,global,covariance,transformed,compact,"[0, 0, 0, 0, 0, 0, 0, 0]","{""identity"": -21.79043086110224, ""sg_smooth_w11_p2"": -21.009673662436423, ""sg_smooth_w21_p3"": -20.8309678884728, ""sg_d1_w11_p2"": -1.1991254784371923, ""sg_d1_w21_p3"": -1.220857550738292, ""sg_d2_w11_p2"": -0.5320880961692519, ""detrend_d1"": -15.006213498913164, ""detrend_d2"": -14.817111544065444, ""fd_d1"": -4.7035773763571544}",8,8,0.00700629899984051,2.599600065877894e-05,0.1927306917966614,0.3202777333873814,0.4413626378201072,0,AOM_v0/0.1.0,,,,,
BEER,Beer_OriginalExtract_60_KS,regression,POP-simpls-materialized-numpy,POP-simpls-materialized-numpy,,ok,,compact,,,0.4206941636923931,0.30085234309940945,0.9308376584318807,,0,3,,,,,,,,,,,,,POP-simpls-materialized-numpy,numpy,simpls_materialized,per_component,covariance,original,compact,"[7, 7, 0, 7, 6, 6, 7, 7]","{""component_1"": {""identity"": 0.8905784449484844, ""sg_smooth_w11_p2"": 0.9473756588247864, ""sg_smooth_w21_p3"": 0.9578553135316353, ""sg_d1_w11_p2"": 0.905019554336588, ""sg_d1_w21_p3"": 0.8458629878475823, ""sg_d2_w11_p2"": 1.6889980161400135, ""detrend_d1"": 0.31536453885843013, ""detrend_d2"": 0.29757768705889603, ""fd_d1"": 1.2687047519775712}, ""component_2"": {""identity"": 0.11576245383416048, ""sg_smooth_w11_p2"": 0.1513996598768035, ""sg_smooth_w21_p3"": 0.21220206451070928, ""sg_d1_w11_p2"": 0.15337178508824612, ""sg_d1_w21_p3"": 0.17340141305093223, ""sg_d2_w11_p2"": 0.15550751020566816, ""detrend_d1"": 0.11410946495901515, ""detrend_d2"": 0.11380915846183129, ""fd_d1"": 0.1318020121219001}, ""component_3"": {""identity"": 0.04490155000449178, ""sg_smooth_w11_p2"": 0.07340099404195073, ""sg_smooth_w21_p3"": 0.09026530918891383, ""sg_d1_w11_p2"": 0.07493110975224251, ""sg_d1_w21_p3"": 0.0839507760320296, ""sg_d2_w11_p2"": 0.0690190189006998, ""detrend_d1"": 0.04634560548781179, ""detrend_d2"": 0.046393347043380294, ""fd_d1"": 0.05367300168917864}, ""component_4"": {""identity"": 0.02314246802283388, ""sg_smooth_w11_p2"": 0.039549936557359604, ""sg_smooth_w21_p3"": 0.04287050804043708, ""sg_d1_w11_p2"": 0.03052173166824064, ""sg_d1_w21_p3"": 0.0333806368238315, ""sg_d2_w11_p2"": 0.02310213871028114, ""detrend_d1"": 0.019468973514791814, ""detrend_d2"": 0.01937438539194431, ""fd_d1"": 0.021653235582144093}, ""component_5"": {""identity"": 0.012410464061287605, ""sg_smooth_w11_p2"": 0.017113862551986093, ""sg_smooth_w21_p3"": 0.017864251989565445, ""sg_d1_w11_p2"": 0.011048509019634889, ""sg_d1_w21_p3"": 0.012308197802901856, ""sg_d2_w11_p2"": 0.010078093111623018, ""detrend_d1"": 0.00897663508525141, ""detrend_d2"": 0.008983861982225757, ""fd_d1"": 0.010601777661592182}, ""component_6"": {""identity"": 0.004697829812364095, ""sg_smooth_w11_p2"": 0.007745341001690147, ""sg_smooth_w21_p3"": 0.008622899761295695, ""sg_d1_w11_p2"": 0.0055222542920661585, ""sg_d1_w21_p3"": 0.0058286429763822496, ""sg_d2_w11_p2"": 0.004997242868563782, ""detrend_d1"": 0.0037240569018485983, ""detrend_d2"": 0.0037399202015840666, ""fd_d1"": 0.004345702279691621}, ""component_7"": {""identity"": 0.0018823371134309395, ""sg_smooth_w11_p2"": 0.003363860306024477, ""sg_smooth_w21_p3"": 0.0036213540816851415, ""sg_d1_w11_p2"": 0.0024098773689902393, ""sg_d1_w21_p3"": 0.0025662614002116783, ""sg_d2_w11_p2"": 0.002393022963571451, ""detrend_d1"": 0.0015185711763032767, ""detrend_d2"": 0.0015089656429519195, ""fd_d1"": 0.0019198905023517863}, ""component_8"": {""identity"": 0.000828309955090406, ""sg_smooth_w11_p2"": 0.00131945663982861, ""sg_smooth_w21_p3"": 0.0014287840552779576, ""sg_d1_w11_p2"": 0.0009875523745622138, ""sg_d1_w21_p3"": 0.0010861250624745451, ""sg_d2_w11_p2"": 0.0009037495762863239, ""detrend_d1"": 0.0007380649127426076, ""detrend_d2"": 0.000738015162824933, ""fd_d1"": 0.0009039531472573053}}",8,8,0.16164936200038937,2.5267999262723606e-05,0.0421565056256214,0.1697035472163414,0.2907884516490672,0,AOM_v0/0.1.0,,,,,
BEER,Beer_OriginalExtract_60_KS,regression,POP-simpls-covariance-numpy,POP-simpls-covariance-numpy,,ok,,compact,,,0.42069416369239404,0.3008523430994096,0.9308376584318805,,0,3,,,,,,,,,,,,,POP-simpls-covariance-numpy,numpy,simpls_covariance,per_component,covariance,original,compact,"[7, 7, 0, 7, 6, 6, 7, 7]","{""component_1"": {""identity"": 0.8905784449484844, ""sg_smooth_w11_p2"": 0.9473756588247864, ""sg_smooth_w21_p3"": 0.9578553135316352, ""sg_d1_w11_p2"": 0.9050195543365878, ""sg_d1_w21_p3"": 0.8458629878475823, ""sg_d2_w11_p2"": 1.6889980161400133, ""detrend_d1"": 0.31536453885842985, ""detrend_d2"": 0.297577687058896, ""fd_d1"": 1.2687047519775712}, ""component_2"": {""identity"": 0.11576245383416024, ""sg_smooth_w11_p2"": 0.15139965987680318, ""sg_smooth_w21_p3"": 0.21220206451070894, ""sg_d1_w11_p2"": 0.15337178508824614, ""sg_d1_w21_p3"": 0.17340141305093196, ""sg_d2_w11_p2"": 0.1555075102056682, ""detrend_d1"": 0.11410946495901515, ""detrend_d2"": 0.11380915846183136, ""fd_d1"": 0.1318020121219001}, ""component_3"": {""identity"": 0.04490155000449168, ""sg_smooth_w11_p2"": 0.07340099404195097, ""sg_smooth_w21_p3"": 0.09026530918891228, ""sg_d1_w11_p2"": 0.07493110975224264, ""sg_d1_w21_p3"": 0.08395077603202941, ""sg_d2_w11_p2"": 0.06901901890069974, ""detrend_d1"": 0.04634560548781159, ""detrend_d2"": 0.04639334704338042, ""fd_d1"": 0.05367300168917847}, ""component_4"": {""identity"": 0.023142468022834147, ""sg_smooth_w11_p2"": 0.039549936557360256, ""sg_smooth_w21_p3"": 0.04287050804043731, ""sg_d1_w11_p2"": 0.03052173166824053, ""sg_d1_w21_p3"": 0.03338063682383151, ""sg_d2_w11_p2"": 0.023102138710281054, ""detrend_d1"": 0.01946897351479198, ""detrend_d2"": 0.01937438539194422, ""fd_d1"": 0.021653235582144006}, ""component_5"": {""identity"": 0.012410464061287567, ""sg_smooth_w11_p2"": 0.01711386255198633, ""sg_smooth_w21_p3"": 0.01786425198956532, ""sg_d1_w11_p2"": 0.011048509019635043, ""sg_d1_w21_p3"": 0.012308197802901615, ""sg_d2_w11_p2"": 0.010078093111623075, ""detrend_d1"": 0.00897663508525148, ""detrend_d2"": 0.008983861982225961, ""fd_d1"": 0.01060177766159214}, ""component_6"": {""identity"": 0.0046978298123649875, ""sg_smooth_w11_p2"": 0.007745341001690748, ""sg_smooth_w21_p3"": 0.008622899761296078, ""sg_d1_w11_p2"": 0.005522254292066622, ""sg_d1_w21_p3"": 0.005828642976382515, ""sg_d2_w11_p2"": 0.004997242868563663, ""detrend_d1"": 0.0037240569018491044, ""detrend_d2"": 0.0037399202015843485, ""fd_d1"": 0.004345702279691677}, ""component_7"": {""identity"": 0.0018823371134316954, ""sg_smooth_w11_p2"": 0.00336386030602482, ""sg_smooth_w21_p3"": 0.0036213540816854395, ""sg_d1_w11_p2"": 0.002409877368990308, ""sg_d1_w21_p3"": 0.0025662614002117104, ""sg_d2_w11_p2"": 0.0023930229635716112, ""detrend_d1"": 0.0015185711763033044, ""detrend_d2"": 0.0015089656429515272, ""fd_d1"": 0.00191989050235153}, ""component_8"": {""identity"": 0.0008283099550909732, ""sg_smooth_w11_p2"": 0.0013194566398291164, ""sg_smooth_w21_p3"": 0.0014287840552783247, ""sg_d1_w11_p2"": 0.0009875523745623165, ""sg_d1_w21_p3"": 0.0010861250624748366, ""sg_d2_w11_p2"": 0.0009037495762864513, ""detrend_d1"": 0.0007380649127427261, ""detrend_d2"": 0.0007380151628250876, ""fd_d1"": 0.0009039531472572017}}",8,8,0.12348290000045381,2.3257999600900803e-05,0.04215650562562234,0.16970354721634234,0.29078845164906814,0,AOM_v0/0.1.0,,,,,
BEER,Beer_OriginalExtract_60_KS,regression,Superblock-simpls-numpy,Superblock-simpls-numpy,,skipped,"matmul: Input operand 1 has a mismatch in its core dimension 0, with gufunc signature (n?,k),(k,m?)->(n?,m?) (size 5184 is different from 576)",,,,,,,,0,,,,,,,,,,,,,,Superblock-simpls-numpy,numpy,simpls_covariance,superblock,,,compact,,,,,,,,,,0,AOM_v0/0.1.0,exception during run,,,,
BEER,Beer_OriginalExtract_60_KS,regression,AOM-soft-simpls-covariance-numpy,AOM-soft-simpls-covariance-numpy,,ok,,compact,,,0.5198880596189877,0.32918805882394697,0.8943775103174322,,0,3,,,,,,,,,,,,,AOM-soft-simpls-covariance-numpy,numpy,simpls_covariance,soft,covariance,original,compact,"[0, 0, 0, 0, 0, 0, 0, 0]","{""weights"": [[0.5425271646798145, 0.24850947128609013, 0.20784137834786046, 6.190577794757668e-10, 6.326584378679245e-10, 3.1771705714865083e-10, 0.0006138656383162855, 0.0005080978866382364, 2.0591847201109452e-08], [0.3547842983901505, 0.20903742756202306, 0.19158907296091054, 0.00760391234440549, 0.007615093136423926, 0.00680946903431094, 0.09674090042587857, 0.0957665671491435, 0.030053258996753252], [0.16221637432722283, 0.11754042766738716, 0.11034465439512726, 0.06719941237094619, 0.06674535944338086, 0.06532670119082418, 0.15143534198676256, 0.15093484114770414, 0.10825688747064476], [0.1275898526593669, 0.10781969902864605, 0.10411258897774389, 0.09667692045874915, 0.09642546512065862, 0.09583827127113473, 0.12751631941127967, 0.1274506576857336, 0.11657022538668729], [0.11813643774836527, 0.11003778922147481, 0.10835896107738696, 0.10478727227769645, 0.10477940218887352, 0.10439489037563164, 0.11811797366637539, 0.11811031300595606, 0.11327696043823997], [0.11396360452333654, 0.11071036865011229, 0.11005359854064908, 0.10847100157035437, 0.10842101657358749, 0.10836131141591483, 0.11394544232881437, 0.11392594898749552, 0.11214770740973551], [0.11230214981040833, 0.11083246471762595, 0.11043777647463815, 0.11008407178296468, 0.11006431348404906, 0.11001642494565798, 0.11230136004281993, 0.11229743955123214, 0.11166399919060377], [0.11167479431327143, 0.11103628078309226, 0.1108653470767152, 0.11059013137231753, 0.11058255322817037, 0.1105657863229827, 0.11167273091799211, 0.11167042812948148, 0.11134194785597692]]}",8,8,0.11347502899934625,2.4854000002960674e-05,0.14135040155221595,0.26889744314293595,0.38998234757566175,0,AOM_v0/0.1.0,experimental,,,,
ALPINE,ALPINE_P_291_KS,regression,AOM-compact-simpls-covariance-numpy,AOM-compact-simpls-covariance-numpy,,ok,,compact,,,0.07659128119885596,0.05889204375182473,0.42539067636399364,,0,3,,,,,,,,,,,,,AOM-compact-simpls-covariance-numpy,numpy,simpls_covariance,global,covariance,transformed,compact,"[0, 0, 0, 0, 0, 0, 0, 0]","{""identity"": -32.2539470855212, ""sg_smooth_w11_p2"": -32.247623090852585, ""sg_smooth_w21_p3"": -32.24126742701945, ""sg_d1_w11_p2"": -0.3340494061815931, ""sg_d1_w21_p3"": -0.3396444914826466, ""sg_d2_w11_p2"": -0.06242274840497461, ""detrend_d1"": -24.04927489267353, ""detrend_d2"": -16.034514178788903, ""fd_d1"": -0.4676118836658267}",8,8,0.2539811379992898,0.00013745399883191567,0.014320531545903355,0.01699835683919506,0.033174054972273555,0,AOM_v0/0.1.0,,,,,
ALPINE,ALPINE_P_291_KS,regression,nirs4all-AOM-PLS-default,nirs4all-AOM-PLS-default,,ok,,production_default,,,0.08321695361411625,0.06464359817205695,0.32167530799983113,,0,3,,,,,,,,,,,,,nirs4all-AOM-PLS-default,numpy,nirs4all_aom,external,covariance,production,production_default,[],{},7,8,1.183274053999412,0.0002831009987858124,0.020946203961163652,0.023624029254455357,0.03979972738753385,0,AOM_v0/0.1.0,,,,,
ALPINE,ALPINE_P_291_KS,regression,nirs4all-POP-PLS-default,nirs4all-POP-PLS-default,,ok,,production_compact,,,0.3232996282119119,0.25508226959094055,-9.238218886778494,,0,3,,,,,,,,,,,,,nirs4all-POP-PLS-default,numpy,nirs4all_pop,external,covariance,production,production_compact,[],{},8,8,2.3944733449989144,0.0014675749989692122,0.2610288785589593,0.263706703852251,0.2798824019853295,0,AOM_v0/0.1.0,,,,,
AMYLOSE,Rice_Amylose_313_YbasedSplit,regression,AOM-compact-simpls-covariance-numpy,AOM-compact-simpls-covariance-numpy,,ok,,compact,,,4.329051316588841,3.3630009965373637,0.31529801499530163,,0,3,,,,,,,,,,,,,AOM-compact-simpls-covariance-numpy,numpy,simpls_covariance,global,covariance,transformed,compact,"[0, 0, 0, 0, 0, 0, 0, 0]","{""identity"": -106.72948332741748, ""sg_smooth_w11_p2"": -106.63704642650931, ""sg_smooth_w21_p3"": -106.34548139966049, ""sg_d1_w11_p2"": -3.8400425555324276, ""sg_d1_w21_p3"": -4.080570117402746, ""sg_d2_w11_p2"": -0.8600377322265582, ""detrend_d1"": -61.69264083203734, ""detrend_d2"": -27.514597706502247, ""fd_d1"": -4.912998878116381}",8,8,0.04295770499993523,0.00015117899965844117,2.4237375455400074,-0.18210703767741876,2.6965764485299233,0,AOM_v0/0.1.0,,,,,
AMYLOSE,Rice_Amylose_313_YbasedSplit,regression,nirs4all-AOM-PLS-default,nirs4all-AOM-PLS-default,,ok,,production_default,,,4.589208434447103,3.715066094563367,0.2305300125871378,,0,3,,,,,,,,,,,,,nirs4all-AOM-PLS-default,numpy,nirs4all_aom,external,covariance,production,production_default,[],{},5,8,0.6271474990007846,0.00034576600046420936,2.6838946633982697,0.07805008018084347,2.9567335663881855,0,AOM_v0/0.1.0,,,,,
AMYLOSE,Rice_Amylose_313_YbasedSplit,regression,nirs4all-POP-PLS-default,nirs4all-POP-PLS-default,,ok,,production_compact,,,31.95851125817633,25.09877367632817,-36.315494329479485,,0,3,,,,,,,,,,,,,nirs4all-POP-PLS-default,numpy,nirs4all_pop,external,covariance,production,production_compact,[],{},8,8,0.11876277000010305,0.0013695830002689036,30.053197487127495,27.44735290391007,30.326036390117412,0,AOM_v0/0.1.0,,,,,
BEER,Beer_OriginalExtract_60_KS,regression,AOM-compact-simpls-covariance-numpy,AOM-compact-simpls-covariance-numpy,,ok,,compact,,,0.5712683498634337,0.3736912563756673,0.8724686253282907,,0,3,,,,,,,,,,,,,AOM-compact-simpls-covariance-numpy,numpy,simpls_covariance,global,covariance,transformed,compact,"[0, 0, 0, 0, 0, 0, 0, 0]","{""identity"": -21.79043086110224, ""sg_smooth_w11_p2"": -21.009673662436423, ""sg_smooth_w21_p3"": -20.8309678884728, ""sg_d1_w11_p2"": -1.1991254784371923, ""sg_d1_w21_p3"": -1.220857550738292, ""sg_d2_w11_p2"": -0.5320880961692519, ""detrend_d1"": -15.006213498913164, ""detrend_d2"": -14.817111544065444, ""fd_d1"": -4.7035773763571544}",8,8,0.023921542000607587,3.102099981333595e-05,0.19273069179666197,0.32027773338738197,0.44136263782010776,0,AOM_v0/0.1.0,,,,,
BEER,Beer_OriginalExtract_60_KS,regression,nirs4all-AOM-PLS-default,nirs4all-AOM-PLS-default,,ok,,production_default,,,0.20418322456986804,0.15904415833249672,0.983707908875225,,0,3,,,,,,,,,,,,,nirs4all-AOM-PLS-default,numpy,nirs4all_aom,external,covariance,production,production_default,[],{},1,8,0.24408197099910467,4.536199958238285e-05,-0.17435443349690366,-0.04680739190618366,0.07427751252654213,0,AOM_v0/0.1.0,,,,,
BEER,Beer_OriginalExtract_60_KS,regression,nirs4all-POP-PLS-default,nirs4all-POP-PLS-default,,ok,,production_compact,,,0.981431612858542,0.6432248285596882,0.6235937724984848,,0,3,,,,,,,,,,,,,nirs4all-POP-PLS-default,numpy,nirs4all_pop,external,covariance,production,production_compact,[],{},8,8,0.0395646230008424,0.00012111099931644276,0.6028939547917702,0.7304409963824903,0.8515259008152161,0,AOM_v0/0.1.0,,,,,
