status,task,seed,cv,n_train,n_test,n_features,stacking_test_rmse,raw_ridge_test_rmse,selected_base_alpha_json,base_cv_rmse_json,selected_meta_alpha,meta_cv_rmse,operator_names_json,fit_time_s,wall_s,folded_test_rmse
ok,ALPINE_P_291_KS,0,5,247,44,2151,0.05957218657939998,0.059571655706200745,"[0.008191078762380611, 0.00466061407910827, 0.00466061407910827, 2.9131410305129194e-05, 1.65753821872548e-05, 1.65753821872548e-05, 0.008191078762380611, 0.008191078762380611, 8.998237017735634e-05]","[0.0763739827655681, 0.07712348673526301, 0.07724686401084363, 0.07749665558990648, 0.07686291631940545, 0.10683935067428034, 0.07578487012459201, 0.07621535178675667, 0.08618207188955164]",0.8136956896569653,0.07659293256130316,"[""identity"", ""sg_smooth_w11_p2"", ""sg_smooth_w21_p3"", ""sg_d1_w11_p2"", ""sg_d1_w21_p3"", ""sg_d2_w11_p2"", ""detrend_d1"", ""detrend_d2"", ""fd_d1""]",1.4165590330012492,1.5344877269999415,0.0602000388570821
ok,ALPINE_P_291_KS,1,5,247,44,2151,0.06004833016010955,0.059571655706200745,"[0.008191078762380611, 0.00466061407910827, 0.00466061407910827, 2.9131410305129194e-05, 1.65753821872548e-05, 1.65753821872548e-05, 0.008191078762380611, 0.00466061407910827, 8.998237017735634e-05]","[0.07556753243307797, 0.07696538625318919, 0.07764183006470757, 0.07719090898220637, 0.07609124982172488, 0.10703493923876513, 0.0752352824351172, 0.0757190504684249, 0.0839845277406012]",0.7996629398040036,0.07631134528014741,"[""identity"", ""sg_smooth_w11_p2"", ""sg_smooth_w21_p3"", ""sg_d1_w11_p2"", ""sg_d1_w21_p3"", ""sg_d2_w11_p2"", ""detrend_d1"", ""detrend_d2"", ""fd_d1""]",1.4106056470009207,1.498591748997569,0.0602000388570821
ok,ALPINE_P_291_KS,2,5,247,44,2151,0.05936571288000855,0.06031115443708265,"[0.00466061407910827, 0.00466061407910827, 0.0015088540204571189, 1.65753821872548e-05, 1.65753821872548e-05, 1.65753821872548e-05, 0.00466061407910827, 0.00466061407910827, 8.998237017735634e-05]","[0.07712924326248521, 0.07912205822794466, 0.0788381533344571, 0.07818031880579882, 0.07780105464906645, 0.11013134290483033, 0.07650416537360069, 0.07653461801279836, 0.08437527733345382]",1.4372782321916615,0.07899873591986425,"[""identity"", ""sg_smooth_w11_p2"", ""sg_smooth_w21_p3"", ""sg_d1_w11_p2"", ""sg_d1_w21_p3"", ""sg_d2_w11_p2"", ""detrend_d1"", ""detrend_d2"", ""fd_d1""]",1.3627764070006378,1.4521729449988925,0.0607657777161539
ok,An_spxyG70_30_byCultivar_ASD,0,5,78,34,2101,3.5494276163686784,3.7384267472739374,"[0.19310147496220903, 0.19310147496220903, 0.19310147496220903, 7.19803845452684e-05, 7.19803845452684e-05, 4.2926389961161085e-06, 0.10987215225407997, 0.10987215225407997, 0.0001265062906194427]","[3.145578800677224, 3.1458281181582604, 3.146067427764427, 3.169832682709674, 3.1692387708712078, 3.1503882740341447, 3.321299984313785, 3.330187711353646, 3.137114503105241]",69.07119423001026,3.2310290602896865,"[""identity"", ""sg_smooth_w11_p2"", ""sg_smooth_w21_p3"", ""sg_d1_w11_p2"", ""sg_d1_w21_p3"", ""sg_d2_w11_p2"", ""detrend_d1"", ""detrend_d2"", ""fd_d1""]",0.5726580139998987,0.648174090001703,3.603434063975252
ok,An_spxyG70_30_byCultivar_ASD,1,5,78,34,2101,3.4638507044588573,3.9572075299686404,"[0.006552361290268685, 0.006552361290268685, 0.006552361290268685, 2.330334388809935e-05, 4.09558744779796e-05, 4.2926389961161085e-06, 0.00212129914824467, 0.00212129914824467, 4.09558744779796e-05]","[3.1622255145277074, 3.1621446836118725, 3.1620851461567367, 3.2262563821494132, 3.2235994096784566, 3.1793296220829146, 3.3539361598630806, 3.357807727297606, 3.1779548168024867]",373.834141071622,3.2582035938306797,"[""identity"", ""sg_smooth_w11_p2"", ""sg_smooth_w21_p3"", ""sg_d1_w11_p2"", ""sg_d1_w21_p3"", ""sg_d2_w11_p2"", ""detrend_d1"", ""detrend_d2"", ""fd_d1""]",0.6105282370008354,0.677710826999828,3.9553924079644704
ok,An_spxyG70_30_byCultivar_ASD,2,5,78,34,2101,3.6632383039746927,3.928009619938554,"[0.011515844585534464, 0.011515844585534464, 0.006552361290268685, 1.3259290475142755e-05, 1.3259290475142755e-05, 4.2926389961161085e-06, 0.19310147496220903, 0.10987215225407997, 2.330334388809935e-05]","[3.1391285934409257, 3.138814183179863, 3.1384211899593164, 3.121643507018189, 3.117696274603136, 3.155816614707848, 3.3817155117807167, 3.4061822063630984, 3.085426581247333]",17.158986519833338,3.0512213366479335,"[""identity"", ""sg_smooth_w11_p2"", ""sg_smooth_w21_p3"", ""sg_d1_w11_p2"", ""sg_d1_w21_p3"", ""sg_d2_w11_p2"", ""detrend_d1"", ""detrend_d2"", ""fd_d1""]",0.5828640619984071,0.6325370279992057,3.699251123173488
ok,An_spxyG70_30_byCultivar_MicroNIR,0,5,81,35,125,3.7906626684977045,3.548538492444068,"[0.0001113907887662313, 6.337986649465327e-05, 6.337986649465327e-05, 2.15061942889477e-06, 2.15061942889477e-06, 1.2825484171278292e-07, 6.337986649465327e-05, 6.337986649465327e-05, 0.01782095246914516]","[3.6185993464479536, 3.5989416539830343, 3.5641510273489048, 3.615202836603097, 3.6093496086864603, 3.6954583005115906, 3.492331883085863, 3.490205014038439, 3.709272545800875]",1418.8638361044552,3.6497025077696037,"[""identity"", ""sg_smooth_w11_p2"", ""sg_smooth_w21_p3"", ""sg_d1_w11_p2"", ""sg_d1_w21_p3"", ""sg_d2_w11_p2"", ""detrend_d1"", ""detrend_d2"", ""fd_d1""]",0.049965909998718416,0.07888959399861051,3.3565258209002446
ok,An_spxyG70_30_byCultivar_MicroNIR,1,5,81,35,125,3.728558620183635,4.0136049141418075,"[6.962539091805539e-07, 1.2825484171278292e-07, 6.337986649465327e-05, 2.15061942889477e-06, 3.779736496301698e-06, 1.2825484171278292e-07, 1.2236736429815074e-06, 1.2236736429815074e-06, 2.15061942889477e-06]","[3.4064457708065348, 3.418839158429745, 3.6429264854464933, 3.5992152305787855, 3.6011255018563197, 3.588931454826181, 3.4203635631017675, 3.4057788414002403, 3.5609831405331547]",137.0358161792242,3.1937069148085135,"[""identity"", ""sg_smooth_w11_p2"", ""sg_smooth_w21_p3"", ""sg_d1_w11_p2"", ""sg_d1_w21_p3"", ""sg_d2_w11_p2"", ""detrend_d1"", ""detrend_d2"", ""fd_d1""]",0.08777294599713059,0.10382768199997372,3.8847736117404943
ok,An_spxyG70_30_byCultivar_MicroNIR,2,5,81,35,125,3.6342738474978997,3.548538492444068,"[0.0001113907887662313, 0.0001113907887662313, 6.337986649465327e-05, 2.15061942889477e-06, 2.15061942889477e-06, 1.2825484171278292e-07, 0.0001113907887662313, 0.0001113907887662313, 2.15061942889477e-06]","[3.438047030991254, 3.426565589056781, 3.3952393621904946, 3.4577532527204844, 3.449907069545751, 3.5430609826857635, 3.3876142709107, 3.3734828511956456, 3.4733258275169305]",486.00283523996904,3.484846042062211,"[""identity"", ""sg_smooth_w11_p2"", ""sg_smooth_w21_p3"", ""sg_d1_w11_p2"", ""sg_d1_w21_p3"", ""sg_d2_w11_p2"", ""detrend_d1"", ""detrend_d2"", ""fd_d1""]",0.041729255997779546,0.048327918000723,3.3798035121495964
ok,An_spxyG70_30_byCultivar_MicroNIR_NeoSpectra,0,5,80,35,276,3.7268058219011904,4.025484200426618,"[3.2300378316780896e-05, 9.977081672758868e-05, 0.00017534827044917722, 3.3854450751983264e-06, 3.3854450751983264e-06, 3.5483294482746616e-07, 1.8378482530909068e-05, 3.2300378316780896e-05, 5.949955689523392e-06]","[3.3263546712806416, 3.414862696527495, 3.484207865789233, 3.3086995395372147, 3.305249370709364, 3.238027871075468, 3.2474943350393692, 3.2675999213145603, 3.203425486268011]",151.81031768609662,3.267660895088089,"[""identity"", ""sg_smooth_w11_p2"", ""sg_smooth_w21_p3"", ""sg_d1_w11_p2"", ""sg_d1_w21_p3"", ""sg_d2_w11_p2"", ""detrend_d1"", ""detrend_d2"", ""fd_d1""]",0.0675940589972015,0.10134574500261806,3.786054493562058
ok,An_spxyG70_30_byCultivar_MicroNIR_NeoSpectra,1,5,80,35,276,3.870392495189795,4.224977839908345,"[1.0457110341752567e-05, 5.949955689523392e-06, 1.8378482530909068e-05, 1.926272892647824e-06, 1.926272892647824e-06, 3.5483294482746616e-07, 1.0457110341752567e-05, 9.977081672758868e-05, 5.949955689523392e-06]","[3.1668498241663015, 3.256044610990719, 3.4222585748603387, 3.3414810483016764, 3.3296130304841656, 3.4267996873009876, 3.1246643113061388, 3.3278699106773324, 3.280015414848876]",99.95917667258458,3.089965980989569,"[""identity"", ""sg_smooth_w11_p2"", ""sg_smooth_w21_p3"", ""sg_d1_w11_p2"", ""sg_d1_w21_p3"", ""sg_d2_w11_p2"", ""detrend_d1"", ""detrend_d2"", ""fd_d1""]",0.1514241459990444,0.17493757799820742,4.353674321635396
ok,An_spxyG70_30_byCultivar_MicroNIR_NeoSpectra,2,5,80,35,276,4.431479799915448,4.119808407822736,"[1.8378482530909068e-05, 5.6768258078571686e-05, 5.6768258078571686e-05, 3.3854450751983264e-06, 3.3854450751983264e-06, 3.5483294482746616e-07, 1.8378482530909068e-05, 5.6768258078571686e-05, 1.926272892647824e-06]","[3.198202844502444, 3.400675922074501, 3.4841516644490325, 3.366147578396081, 3.3715410512891344, 3.284404187657826, 3.171791907953584, 3.393997853788876, 3.0029340905208564]",1.7806885949197833,3.002070501925293,"[""identity"", ""sg_smooth_w11_p2"", ""sg_smooth_w21_p3"", ""sg_d1_w11_p2"", ""sg_d1_w21_p3"", ""sg_d2_w11_p2"", ""detrend_d1"", ""detrend_d2"", ""fd_d1""]",0.0590172039992467,0.06964320499901078,4.092496501666907
ok,An_spxyG70_30_byCultivar_NeoSpectra,0,5,82,37,257,4.3400761214296715,4.8750611078243695,"[3.804307855867646e-05, 2.164600203302874e-05, 0.000362967291592606, 2.268745903275644e-06, 2.268745903275644e-06, 4.179188696457079e-07, 3.804307855867646e-05, 6.686111476905931e-05, 3.987345030102729e-06]","[3.1569949418289243, 3.2658756620192144, 3.4702769043801127, 3.198065280830595, 3.1868840951239483, 3.361209870035195, 3.1085637947748905, 3.2294800742930505, 3.0743795235306473]",482.4178604267043,3.1356919562528267,"[""identity"", ""sg_smooth_w11_p2"", ""sg_smooth_w21_p3"", ""sg_d1_w11_p2"", ""sg_d1_w21_p3"", ""sg_d2_w11_p2"", ""detrend_d1"", ""detrend_d2"", ""fd_d1""]",0.06410423399938736,0.09625617200072156,4.634967097084755
ok,An_spxyG70_30_byCultivar_NeoSpectra,1,5,82,37,257,4.507412671633535,4.850636627987498,"[6.686111476905931e-05, 3.804307855867646e-05, 2.268745903275644e-06, 2.268745903275644e-06, 2.268745903275644e-06, 4.179188696457079e-07, 3.804307855867646e-05, 6.686111476905931e-05, 7.0078012553675005e-06]","[3.2401440366617984, 3.3058127359651808, 3.384221270731112, 3.3030980846365794, 3.2770802080709567, 3.6611042879949016, 3.1671467400534903, 3.2134793706199423, 3.319840945620085]",126.8132026065257,3.191986011622558,"[""identity"", ""sg_smooth_w11_p2"", ""sg_smooth_w21_p3"", ""sg_d1_w11_p2"", ""sg_d1_w21_p3"", ""sg_d2_w11_p2"", ""detrend_d1"", ""detrend_d2"", ""fd_d1""]",0.11034141100026318,0.12856969800122897,4.895180487628496
ok,An_spxyG70_30_byCultivar_NeoSpectra,2,5,82,37,257,4.356675740580954,4.850636627987498,"[6.686111476905931e-05, 6.686111476905931e-05, 0.0006379188714487727, 3.987345030102729e-06, 7.0078012553675005e-06, 4.179188696457079e-07, 6.686111476905931e-05, 0.00011750911959625745, 7.0078012553675005e-06]","[3.3627386088512585, 3.464185061425114, 3.5341541863037307, 3.3140065194847246, 3.326899352042139, 3.4072246660894656, 3.3070416612458944, 3.266746956777959, 3.201196142943536]",356.37220956939035,3.2179818219886855,"[""identity"", ""sg_smooth_w11_p2"", ""sg_smooth_w21_p3"", ""sg_d1_w11_p2"", ""sg_d1_w21_p3"", ""sg_d2_w11_p2"", ""detrend_d1"", ""detrend_d2"", ""fd_d1""]",0.056337807000090834,0.06735902199943666,4.577198571079661
ok,Beef_Marbling_RandomSplit,0,5,554,278,331,72.54224181331189,72.68557646792188,"[6.575164520990757e-06, 6.575164520990757e-06, 3.741180524319172e-06, 2.1286815973748503e-06, 2.1286815973748503e-06, 2.1286815973748503e-06, 6.575164520990757e-06, 6.575164520990757e-06, 2.1286815973748503e-06]","[72.48012176123424, 72.48466302551701, 72.55317805495653, 73.53862684497487, 73.39860239173001, 82.20187816927958, 72.21475928748352, 71.75586465669413, 73.378069139664]",75286.49166216105,73.29553816099799,"[""identity"", ""sg_smooth_w11_p2"", ""sg_smooth_w21_p3"", ""sg_d1_w11_p2"", ""sg_d1_w21_p3"", ""sg_d2_w11_p2"", ""detrend_d1"", ""detrend_d2"", ""fd_d1""]",1.2296089310002571,1.264298272002634,73.27574535169417
ok,Beef_Marbling_RandomSplit,1,5,554,278,331,71.88260701161559,72.75743671833547,"[3.741180524319172e-06, 3.741180524319172e-06, 2.1286815973748503e-06, 2.1286815973748503e-06, 2.1286815973748503e-06, 2.1286815973748503e-06, 3.741180524319172e-06, 3.741180524319172e-06, 2.1286815973748503e-06]","[71.35533877803829, 71.30522536489308, 71.28955671387112, 72.79206418722035, 72.61536429579635, 82.85784010968177, 71.41364877744914, 71.33558129639981, 72.54803430381705]",699550.1295667429,72.06455689368525,"[""identity"", ""sg_smooth_w11_p2"", ""sg_smooth_w21_p3"", ""sg_d1_w11_p2"", ""sg_d1_w21_p3"", ""sg_d2_w11_p2"", ""detrend_d1"", ""detrend_d2"", ""fd_d1""]",1.129635989000235,1.1620962919987505,73.27674128687433
ok,Beef_Marbling_RandomSplit,2,5,554,278,331,71.80565390913952,72.68557646792188,"[6.575164520990757e-06, 6.575164520990757e-06, 3.741180524319172e-06, 2.1286815973748503e-06, 2.1286815973748503e-06, 2.1286815973748503e-06, 3.741180524319172e-06, 3.741180524319172e-06, 2.1286815973748503e-06]","[71.99546091653148, 72.01975481995818, 72.1370684895034, 72.93991248341737, 72.79628802012857, 82.41385002344954, 71.9552658269783, 71.88038054158753, 72.69774229959582]",1214569.0890986568,72.8509818524075,"[""identity"", ""sg_smooth_w11_p2"", ""sg_smooth_w21_p3"", ""sg_d1_w11_p2"", ""sg_d1_w21_p3"", ""sg_d2_w11_p2"", ""detrend_d1"", ""detrend_d2"", ""fd_d1""]",1.0993686459987657,1.1283934200000658,73.15686611017156
ok,Beer_OriginalExtract_60_KS,0,5,40,20,576,0.26502460269745026,0.5708336226188918,"[2.1163753384496148e-07, 0.0017537191288541595, 0.005416964101181233, 2.1163753384496148e-07, 2.1163753384496148e-07, 2.1163753384496148e-07, 2.1163753384496148e-07, 2.1163753384496148e-07, 0.15964073277048185]","[0.591950543501926, 0.3287906773931847, 0.3099037594627997, 0.9450502711915905, 0.885605925948416, 2.3180234128463297, 0.6206523239225478, 0.6148830823600945, 2.572687957057078]",1.8815262331105826,0.31132841723681476,"[""identity"", ""sg_smooth_w11_p2"", ""sg_smooth_w21_p3"", ""sg_d1_w11_p2"", ""sg_d1_w21_p3"", ""sg_d2_w11_p2"", ""detrend_d1"", ""detrend_d2"", ""fd_d1""]",0.07738512599826208,0.0940598859997408,0.2611930138184624
ok,Beer_OriginalExtract_60_KS,1,5,40,20,576,0.3047024688415166,0.5708336226188918,"[2.1163753384496148e-07, 2.1163753384496148e-07, 0.0017537191288541595, 2.1163753384496148e-07, 2.1163753384496148e-07, 2.1163753384496148e-07, 2.1163753384496148e-07, 2.1163753384496148e-07, 0.4931052551550763]","[0.5699254207254753, 0.30822747754160923, 0.2850232279963943, 0.9040144872288994, 0.7993955055363366, 2.2808863746313106, 0.6544936603953259, 0.6491352734268612, 2.657996431253201]",1.0539981523609525,0.2988272864694146,"[""identity"", ""sg_smooth_w11_p2"", ""sg_smooth_w21_p3"", ""sg_d1_w11_p2"", ""sg_d1_w21_p3"", ""sg_d2_w11_p2"", ""detrend_d1"", ""detrend_d2"", ""fd_d1""]",0.0889350489997014,0.10541981699861935,0.2418221235624266
ok,Beer_OriginalExtract_60_KS,2,5,40,20,576,0.2710439013329594,0.5708336226188918,"[2.1163753384496148e-07, 2.1163753384496148e-07, 0.0017537191288541595, 2.1163753384496148e-07, 2.1163753384496148e-07, 2.1163753384496148e-07, 2.1163753384496148e-07, 2.1163753384496148e-07, 0.05168300944487328]","[0.5840880635221228, 0.3766592687449305, 0.32399674927757527, 0.9535819424086274, 0.8680935817208043, 2.2514620248290553, 0.6344182695897597, 0.6274688248484941, 2.543820650416877]",1.013620153101334,0.37015145869853744,"[""identity"", ""sg_smooth_w11_p2"", ""sg_smooth_w21_p3"", ""sg_d1_w11_p2"", ""sg_d1_w21_p3"", ""sg_d2_w11_p2"", ""detrend_d1"", ""detrend_d2"", ""fd_d1""]",0.0741488349995052,0.08956621499964967,0.2418221235624266
ok,Beer_OriginalExtract_60_YbaseSplit,0,5,40,20,576,0.3030978103795038,0.5365437797899675,"[1.89827763587958e-07, 1.89827763587958e-07, 0.0027645537448878882, 1.89827763587958e-07, 1.89827763587958e-07, 0.00157299404384329, 1.89827763587958e-07, 1.89827763587958e-07, 0.14318936121020612]","[0.7231681998370287, 0.28695944243602006, 0.23409074326944285, 0.9241318369093203, 0.8028664523061483, 2.060919921670606, 0.6723748759853075, 0.6812458767973697, 2.163769174668339]",0.02382812194284609,0.2220404730344943,"[""identity"", ""sg_smooth_w11_p2"", ""sg_smooth_w21_p3"", ""sg_d1_w11_p2"", ""sg_d1_w21_p3"", ""sg_d2_w11_p2"", ""detrend_d1"", ""detrend_d2"", ""fd_d1""]",0.07387723899955745,0.09103305300232023,0.2659553701101245
ok,Beer_OriginalExtract_60_YbaseSplit,1,5,40,20,576,0.3069469836320313,0.5365437797899675,"[1.89827763587958e-07, 1.89827763587958e-07, 0.00157299404384329, 1.89827763587958e-07, 1.89827763587958e-07, 0.0027645537448878882, 1.89827763587958e-07, 1.89827763587958e-07, 7.416456707235547]","[0.7723285223872894, 0.32929031156907207, 0.2772291544863763, 1.158826937440897, 0.9239892489640583, 2.182601992041719, 0.727996440579077, 0.7381935263674002, 2.2652186190545267]",0.3761352330143246,0.23002200581552573,"[""identity"", ""sg_smooth_w11_p2"", ""sg_smooth_w21_p3"", ""sg_d1_w11_p2"", ""sg_d1_w21_p3"", ""sg_d2_w11_p2"", ""detrend_d1"", ""detrend_d2"", ""fd_d1""]",0.07624120399850653,0.09049620899895672,0.2749689233936278
ok,Beer_OriginalExtract_60_YbaseSplit,2,5,40,20,576,0.2839799085443087,0.5365437797899675,"[1.89827763587958e-07, 1.89827763587958e-07, 0.0008950125373912056, 1.89827763587958e-07, 1.89827763587958e-07, 0.0027645537448878882, 1.89827763587958e-07, 1.89827763587958e-07, 189827.76358795803]","[0.673157631477311, 0.27799792208104257, 0.23662633442824235, 1.1121783203958917, 0.9780805378973743, 2.178763883292801, 0.7088870661536111, 0.7198982243815257, 2.2488641533001514]",1.1771391100691624,0.23825738287816098,"[""identity"", ""sg_smooth_w11_p2"", ""sg_smooth_w21_p3"", ""sg_d1_w11_p2"", ""sg_d1_w21_p3"", ""sg_d2_w11_p2"", ""detrend_d1"", ""detrend_d2"", ""fd_d1""]",0.07193980800002464,0.08629557799940812,0.2832437236636158
ok,Biscuit_Fat_40_RandomSplit,0,5,40,32,700,0.3032030930716487,0.6301543220156398,"[2.8090599050832547e-05, 4.936952629037416e-05, 8.676746699938046e-05, 9.094212177938386e-06, 9.094212177938386e-06, 2.9442125811450725e-06, 2.8090599050832547e-05, 0.00015249474514314877, 9.094212177938386e-06]","[0.3623750145773343, 0.3615365655951601, 0.3530692040432379, 0.47069539362016044, 0.47143187917761675, 0.7833242341029356, 0.3664592784646156, 0.3914730789225419, 0.5545426035516959]",12.83764682192024,0.4007309310719524,"[""identity"", ""sg_smooth_w11_p2"", ""sg_smooth_w21_p3"", ""sg_d1_w11_p2"", ""sg_d1_w21_p3"", ""sg_d2_w11_p2"", ""detrend_d1"", ""detrend_d2"", ""fd_d1""]",0.09638370900211157,0.11651650799831259,0.511802410687044
ok,Biscuit_Fat_40_RandomSplit,1,5,40,32,700,0.2853278935746351,0.5692494011177003,"[4.936952629037416e-05, 8.676746699938046e-05, 4.936952629037416e-05, 2.9442125811450725e-06, 2.9442125811450725e-06, 2.9442125811450725e-06, 8.676746699938046e-05, 0.00015249474514314877, 2.9442125811450725e-06]","[0.3502289670161579, 0.3505757042104514, 0.3385004054772878, 0.4060777343482278, 0.4106923403457433, 0.7365799083625355, 0.3579342133638851, 0.3774047783500571, 0.49634238834737265]",23.067475134077597,0.37234034434762153,"[""identity"", ""sg_smooth_w11_p2"", ""sg_smooth_w21_p3"", ""sg_d1_w11_p2"", ""sg_d1_w21_p3"", ""sg_d2_w11_p2"", ""detrend_d1"", ""detrend_d2"", ""fd_d1""]",0.09201095399839687,0.11376224199921126,0.6333901558543439
ok,Biscuit_Fat_40_RandomSplit,2,5,40,32,700,0.35604182940852774,0.3018061407376536,"[0.0002680111348236078, 0.00047103241703188014, 0.00047103241703188014, 9.094212177938386e-06, 9.094212177938386e-06, 2.9442125811450725e-06, 0.00047103241703188014, 0.0008278444775845631, 9.094212177938386e-06]","[0.3797791458572778, 0.38109569577752334, 0.3754650870977574, 0.44969001558670757, 0.4500765051580099, 0.7599438987465765, 0.3826752682417337, 0.4135717408969192, 0.5225689667420857]",0.43051502155142024,0.4098738992526779,"[""identity"", ""sg_smooth_w11_p2"", ""sg_smooth_w21_p3"", ""sg_d1_w11_p2"", ""sg_d1_w21_p3"", ""sg_d2_w11_p2"", ""detrend_d1"", ""detrend_d2"", ""fd_d1""]",0.09566393099885317,0.11198618599883048,0.2122158412845472
ok,Biscuit_Sucrose_40_RandomSplit,0,5,40,32,700,1.449580010167446,0.816620050993149,"[0.013881568865708977, 0.013881568865708977, 0.013881568865708977, 2.8090599050832547e-05, 2.8090599050832547e-05, 9.094212177938386e-06, 0.013881568865708977, 0.024397004771136998, 0.00015249474514314877]","[2.078859417717295, 2.0785044233425003, 2.0785636116745727, 2.146050163902396, 2.1510694809925326, 2.2677085189034303, 2.0681167506092524, 2.0583085042308076, 2.260422214892509]",0.5773382049857947,2.4859253303493785,"[""identity"", ""sg_smooth_w11_p2"", ""sg_smooth_w21_p3"", ""sg_d1_w11_p2"", ""sg_d1_w21_p3"", ""sg_d2_w11_p2"", ""detrend_d1"", ""detrend_d2"", ""fd_d1""]",0.09400840099988272,0.1123728829988977,0.9499134825599536
ok,Biscuit_Sucrose_40_RandomSplit,1,5,40,32,700,1.5331879669224013,0.7941013531275026,"[0.024397004771136998, 0.024397004771136998, 0.024397004771136998, 0.0002680111348236078, 0.0002680111348236078, 9.094212177938386e-06, 0.07535853196055702, 0.07535853196055702, 0.0002680111348236078]","[2.1163133266844296, 2.112405389920005, 2.1058022339293205, 2.1865268385004146, 2.184132212572274, 2.2481010339611363, 2.036073620464474, 2.018212823874449, 2.2718183208647114]",0.2656084576035376,2.098813433190073,"[""identity"", ""sg_smooth_w11_p2"", ""sg_smooth_w21_p3"", ""sg_d1_w11_p2"", ""sg_d1_w21_p3"", ""sg_d2_w11_p2"", ""detrend_d1"", ""detrend_d2"", ""fd_d1""]",0.09672416299872566,0.11509820500214119,1.011488238521466
ok,Biscuit_Sucrose_40_RandomSplit,2,5,40,32,700,1.6242507941905262,1.1054208472731735,"[0.004494098983043209, 0.004494098983043209, 0.004494098983043209, 1.5983174527410562e-05, 2.8090599050832547e-05, 5.174484893193619e-06, 0.0008278444775845631, 0.0014549454650822336, 4.936952629037416e-05]","[1.7764677766592905, 1.7723585381484868, 1.757083474540511, 1.9774570837333525, 1.9867913272822986, 2.1450213792517205, 1.9910964667970887, 1.9941373772185955, 2.0709908791733187]",1.7020403687747043,1.9188349122794552,"[""identity"", ""sg_smooth_w11_p2"", ""sg_smooth_w21_p3"", ""sg_d1_w11_p2"", ""sg_d1_w21_p3"", ""sg_d2_w11_p2"", ""detrend_d1"", ""detrend_d2"", ""fd_d1""]",0.09091815399733605,0.10743579900008626,1.009242221898917
ok,C_woOutlier,0,5,1210,1209,1154,1.8028165103065608,2.1046860315850693,"[0.00019138802446932939, 3.5255013236371845e-05, 1.1413660852422777e-05, 3.6951242417838605e-06, 3.6951242417838605e-06, 3.6951242417838605e-06, 0.00019138802446932939, 0.00019138802446932939, 2.0059630216622244e-05]","[1.3727070211520616, 1.3388942656717855, 1.3235664219890801, 1.3527070818395461, 1.3505843333528484, 1.447696483573256, 1.3836335139649858, 1.3807555283719526, 1.4589372278388362]",14.686865522668539,1.3208792892294714,"[""identity"", ""sg_smooth_w11_p2"", ""sg_smooth_w21_p3"", ""sg_d1_w11_p2"", ""sg_d1_w21_p3"", ""sg_d2_w11_p2"", ""detrend_d1"", ""detrend_d2"", ""fd_d1""]",12.08390351500202,12.301556659000198,1.918939323199294
ok,C_woOutlier,1,5,1210,1209,1154,2.0984758458555675,2.0449155694462258,"[0.00033636648647481556, 0.00010889722187889592, 2.0059630216622244e-05, 6.494220115093646e-06, 3.6951242417838605e-06, 3.6951242417838605e-06, 0.00033636648647481556, 0.00033636648647481556, 3.5255013236371845e-05]","[1.3844392328298032, 1.3721602191067166, 1.3570468292384246, 1.3757735060565401, 1.3727233543887858, 1.4490382779080841, 1.3831158527877814, 1.3797221075190227, 1.4617062868713429]",1.5065961758505821,1.3621505235495488,"[""identity"", ""sg_smooth_w11_p2"", ""sg_smooth_w21_p3"", ""sg_d1_w11_p2"", ""sg_d1_w21_p3"", ""sg_d2_w11_p2"", ""detrend_d1"", ""detrend_d2"", ""fd_d1""]",13.021459403000335,13.190984758002742,1.9045202032803563
ok,C_woOutlier,2,5,1210,1209,1154,1.8599300374500738,2.0449155694462258,"[0.00033636648647481556, 6.196106034231988e-05, 2.0059630216622244e-05, 6.494220115093646e-06, 3.6951242417838605e-06, 3.6951242417838605e-06, 0.00033636648647481556, 0.00033636648647481556, 3.5255013236371845e-05]","[1.389031643555982, 1.369785914197768, 1.3515664578417674, 1.368356436553989, 1.366566199718855, 1.4532095318026488, 1.3851543058739335, 1.3819632052572703, 1.4662471315229548]",746.2737864204012,1.3642321254701142,"[""identity"", ""sg_smooth_w11_p2"", ""sg_smooth_w21_p3"", ""sg_d1_w11_p2"", ""sg_d1_w21_p3"", ""sg_d2_w11_p2"", ""detrend_d1"", ""detrend_d2"", ""fd_d1""]",12.770529912999336,12.94151028000124,1.9045202032803563
ok,Ccar_spxyG_block2deg,0,5,1016,3229,196,57.08404374700629,61.034752189885815,"[0.00013697144545841034, 2.6445045866840873e-06, 4.871362482877517e-07, 1.504687681135685e-06, 2.523109863342099e-05, 4.871362482877517e-07, 0.00024072877069487468, 0.00013697144545841034, 0.00013697144545841034]","[48.06416713643098, 49.24669443849543, 48.72882008172867, 48.729046357374, 49.33245648070614, 49.38190541414018, 51.588335208294026, 57.813724530201476, 48.3460817096058]",1646828.0116577537,48.4444455644844,"[""identity"", ""sg_smooth_w11_p2"", ""sg_smooth_w21_p3"", ""sg_d1_w11_p2"", ""sg_d1_w21_p3"", ""sg_d2_w11_p2"", ""detrend_d1"", ""detrend_d2"", ""fd_d1""]",5.265959251999448,5.387447172997781,61.034752189728486
ok,Ccar_spxyG_block2deg,1,5,1016,3229,196,56.345810703921565,61.034752189885815,"[0.00013697144545841034, 0.0007435735218487597, 8.56147132117626e-07, 8.56147132117626e-07, 1.4356157098911199e-05, 4.871362482877517e-07, 0.00024072877069487468, 0.00013697144545841034, 0.00024072877069487468]","[48.67979818260385, 50.14586624842936, 49.116266269727554, 49.039159601361426, 49.939288778146526, 50.80312292242119, 52.956587317424145, 59.07151812253701, 49.00505540246634]",170065.03767464563,49.167777347004765,"[""identity"", ""sg_smooth_w11_p2"", ""sg_smooth_w21_p3"", ""sg_d1_w11_p2"", ""sg_d1_w21_p3"", ""sg_d2_w11_p2"", ""detrend_d1"", ""detrend_d2"", ""fd_d1""]",5.65521580299901,5.764825371999905,61.034752189728486
ok,Ccar_spxyG_block2deg,2,5,1016,3229,196,58.5790279994434,59.756360929658186,"[0.00024072877069487468, 2.523109863342099e-05, 2.6445045866840873e-06, 1.504687681135685e-06, 8.56147132117626e-07, 4.871362482877517e-07, 0.00024072877069487468, 0.00013697144545841034, 0.00013697144545841034]","[48.69486884547559, 49.5787332205184, 48.97103057918709, 49.016822842145906, 49.47946135689531, 50.13884359291016, 52.86534003726376, 61.58291647769956, 48.98510574150471]",162859.90328398367,51.062169062136306,"[""identity"", ""sg_smooth_w11_p2"", ""sg_smooth_w21_p3"", ""sg_d1_w11_p2"", ""sg_d1_w21_p3"", ""sg_d2_w11_p2"", ""detrend_d1"", ""detrend_d2"", ""fd_d1""]",5.353087183997559,5.450481104002392,59.7563609298347
ok,Corn_Oil_80_ZhengChenPelegYbaseSplit,0,5,64,16,700,0.02764501168404987,0.04114837983635389,"[9.807582958300963e-07, 9.807582958300963e-07, 9.807582958300963e-07, 9.807582958300963e-07, 9.807582958300963e-07, 9.807582958300963e-07, 9.807582958300963e-07, 9.807582958300963e-07, 9.807582958300963e-07]","[0.03809883315212705, 0.03689869077729601, 0.03876748224974375, 0.061418841567807435, 0.05980778599677354, 0.10643112509897605, 0.037706433182693476, 0.03741807564484285, 0.059933286244276116]",3.6998980945282035e-05,0.03766744028432705,"[""identity"", ""sg_smooth_w11_p2"", ""sg_smooth_w21_p3"", ""sg_d1_w11_p2"", ""sg_d1_w21_p3"", ""sg_d2_w11_p2"", ""detrend_d1"", ""detrend_d2"", ""fd_d1""]",0.14019295899925055,0.16191226299997652,0.0398594825002126
ok,Corn_Oil_80_ZhengChenPelegYbaseSplit,1,5,64,16,700,0.023884072024766865,0.04114837983635389,"[9.807582958300963e-07, 9.807582958300963e-07, 9.807582958300963e-07, 9.807582958300963e-07, 9.807582958300963e-07, 9.807582958300963e-07, 9.807582958300963e-07, 9.807582958300963e-07, 9.807582958300963e-07]","[0.040044360001961224, 0.03843337756772737, 0.04044737978441575, 0.06344863930301219, 0.0619826139031198, 0.10351219461618089, 0.037942346678635205, 0.037747854690164485, 0.06151777479758105]",3.692701780456528e-05,0.03929747481129917,"[""identity"", ""sg_smooth_w11_p2"", ""sg_smooth_w21_p3"", ""sg_d1_w11_p2"", ""sg_d1_w21_p3"", ""sg_d2_w11_p2"", ""detrend_d1"", ""detrend_d2"", ""fd_d1""]",0.12026088399943546,0.138048364999122,0.0356402947165346
ok,Corn_Oil_80_ZhengChenPelegYbaseSplit,2,5,64,16,700,0.03070047693093721,0.04114837983635389,"[9.807582958300963e-07, 9.807582958300963e-07, 9.807582958300963e-07, 9.807582958300963e-07, 9.807582958300963e-07, 9.807582958300963e-07, 9.807582958300963e-07, 9.807582958300963e-07, 9.807582958300963e-07]","[0.04091486552100041, 0.03940175634874642, 0.04134219666537546, 0.06378453631946862, 0.06242079491109794, 0.10065397336780686, 0.04109453042905044, 0.04000352411174293, 0.06321193038530479]",0.0001165721306086013,0.04139243368272466,"[""identity"", ""sg_smooth_w11_p2"", ""sg_smooth_w21_p3"", ""sg_d1_w11_p2"", ""sg_d1_w21_p3"", ""sg_d2_w11_p2"", ""detrend_d1"", ""detrend_d2"", ""fd_d1""]",0.1251920600006997,0.1431765479974274,0.0398594825002126
ok,Corn_Starch_80_ZhengChenPelegYbaseSplit,0,5,64,16,700,0.11325021916078289,0.14906147757617086,"[9.696289559020423e-07, 9.696289559020423e-07, 9.696289559020423e-07, 9.696289559020423e-07, 9.696289559020423e-07, 9.696289559020423e-07, 9.696289559020423e-07, 9.696289559020423e-07, 9.696289559020423e-07]","[0.12353603788547, 0.11415260765623088, 0.11411730961187908, 0.2630895388705198, 0.2584725912972005, 0.7177473578624736, 0.17064283558860882, 0.17743641966558013, 0.27419837224814286]",4.790537091285754e-06,0.11520089284729382,"[""identity"", ""sg_smooth_w11_p2"", ""sg_smooth_w21_p3"", ""sg_d1_w11_p2"", ""sg_d1_w21_p3"", ""sg_d2_w11_p2"", ""detrend_d1"", ""detrend_d2"", ""fd_d1""]",0.14943898099954822,0.16911271799835959,0.1467104031255899
ok,Corn_Starch_80_ZhengChenPelegYbaseSplit,1,5,64,16,700,0.151102999808058,0.14906147757617086,"[9.696289559020423e-07, 9.696289559020423e-07, 9.696289559020423e-07, 9.696289559020423e-07, 9.696289559020423e-07, 9.696289559020423e-07, 9.696289559020423e-07, 9.696289559020423e-07, 9.696289559020423e-07]","[0.13065518761708178, 0.1278732397851694, 0.12957225719865967, 0.27485492330770767, 0.27011358447376405, 0.742412757056101, 0.16423883288375168, 0.16829203332905368, 0.2840851608728112]",1.1444150020546866,0.13986229214306484,"[""identity"", ""sg_smooth_w11_p2"", ""sg_smooth_w21_p3"", ""sg_d1_w11_p2"", ""sg_d1_w21_p3"", ""sg_d2_w11_p2"", ""detrend_d1"", ""detrend_d2"", ""fd_d1""]",0.11802364500181284,0.13424264599962044,0.1428095579582344
ok,Corn_Starch_80_ZhengChenPelegYbaseSplit,2,5,64,16,700,0.15392619119334147,0.14906147757617086,"[9.696289559020423e-07, 9.696289559020423e-07, 9.696289559020423e-07, 9.696289559020423e-07, 9.696289559020423e-07, 9.696289559020423e-07, 9.696289559020423e-07, 9.696289559020423e-07, 9.696289559020423e-07]","[0.1222328068384387, 0.11632962060307225, 0.1161115254500372, 0.2614545858009159, 0.2580696554381611, 0.7115530634872905, 0.18560237238839852, 0.19134651998599858, 0.26606527881874764]",0.12058317908570376,0.12396552590539309,"[""identity"", ""sg_smooth_w11_p2"", ""sg_smooth_w21_p3"", ""sg_d1_w11_p2"", ""sg_d1_w21_p3"", ""sg_d2_w11_p2"", ""detrend_d1"", ""detrend_d2"", ""fd_d1""]",0.12635579600100755,0.14277461700112326,0.1467104031255899
ok,DIESEL_bp50_246_b-a,0,5,113,113,401,2.8305880397546486,2.8407555753210256,"[1.575543667997205e-07, 5.100755731996133e-08, 1.6513480118621195e-08, 1.7307995402929142e-09, 9.84801750735315e-10, 1.7307995402929142e-09, 1.575543667997205e-07, 1.575543667997205e-07, 2.9022616761805132e-08]","[3.0948731009688033, 2.963081853622485, 3.1314287087087296, 3.093146162977951, 2.9138472293788302, 3.557559471189913, 3.0832184656265467, 3.1838287328761785, 3.420589999849409]",1116.9448456916516,3.1384027374381533,"[""identity"", ""sg_smooth_w11_p2"", ""sg_smooth_w21_p3"", ""sg_d1_w11_p2"", ""sg_d1_w21_p3"", ""sg_d2_w11_p2"", ""detrend_d1"", ""detrend_d2"", ""fd_d1""]",0.1497000150011445,0.18015428199942107,2.835393076859342
ok,DIESEL_bp50_246_b-a,1,5,113,113,401,2.8593611979087186,2.8245999814993974,"[8.964632393772172e-08, 5.100755731996133e-08, 1.6513480118621195e-08, 3.041898581558588e-09, 1.7307995402929142e-09, 5.60339002682661e-10, 8.964632393772172e-08, 8.964632393772172e-08, 9.39594895478119e-09]","[2.7458290469980713, 2.6637551608129346, 2.803333561727441, 2.7588198002077204, 2.6769308179918743, 3.206918080424334, 2.7156272121676466, 2.7401796632320985, 3.092245749720589]",647.1995651668873,2.6923441262100054,"[""identity"", ""sg_smooth_w11_p2"", ""sg_smooth_w21_p3"", ""sg_d1_w11_p2"", ""sg_d1_w21_p3"", ""sg_d2_w11_p2"", ""detrend_d1"", ""detrend_d2"", ""fd_d1""]",0.10643870000058087,0.1268745260022115,2.8123496208939853
ok,DIESEL_bp50_246_b-a,2,5,113,113,401,2.880749548747412,2.8245999814993974,"[8.964632393772172e-08, 5.100755731996133e-08, 9.39594895478119e-09, 3.041898581558588e-09, 1.7307995402929142e-09, 5.60339002682661e-10, 8.964632393772172e-08, 8.964632393772172e-08, 9.39594895478119e-09]","[2.7801657739512193, 2.7022419245238023, 2.7636460821528006, 2.8191600020788323, 2.792027724455857, 3.274621011018481, 2.7640894051910836, 2.8159686052918396, 3.0875991718074207]",368.027140597396,2.7792168552214034,"[""identity"", ""sg_smooth_w11_p2"", ""sg_smooth_w21_p3"", ""sg_d1_w11_p2"", ""sg_d1_w21_p3"", ""sg_d2_w11_p2"", ""detrend_d1"", ""detrend_d2"", ""fd_d1""]",0.12795854700016207,0.1485619230006705,2.8123496208939853
ok,DIESEL_bp50_246_hla-b,0,5,133,113,401,2.53243632393585,2.5612353293688064,"[1.1276677096345889e-07, 6.416278193070726e-08, 1.181923337430147e-08, 3.826426623795428e-09, 2.1771854859264767e-09, 7.048545573525775e-10, 1.1276677096345889e-07, 1.9818879809884598e-07, 1.181923337430147e-08]","[3.2516238629275223, 3.2523488652130346, 3.251869359200346, 3.3529802549391867, 3.363475825282922, 3.8104950619971176, 3.229954365568093, 3.278265149857115, 3.4819572249211093]",115.05678895243916,3.227444556507559,"[""identity"", ""sg_smooth_w11_p2"", ""sg_smooth_w21_p3"", ""sg_d1_w11_p2"", ""sg_d1_w21_p3"", ""sg_d2_w11_p2"", ""detrend_d1"", ""detrend_d2"", ""fd_d1""]",0.13091130500106374,0.16250045200285967,2.560007505636261
ok,DIESEL_bp50_246_hla-b,1,5,133,113,401,2.5857246955515416,2.8242373557066665,"[6.724985446547718e-09, 1.181923337430147e-08, 2.077242823297316e-08, 7.048545573525775e-10, 7.048545573525775e-10, 7.048545573525775e-10, 1.181923337430147e-08, 6.724985446547718e-09, 2.1771854859264767e-09]","[3.3268151147082157, 3.3728694665966676, 3.274068706638012, 3.4743787646282533, 3.4510397055841437, 4.166723214404672, 3.301326556433664, 3.3346668041582768, 3.56220407370276]",208.7521004644346,3.3389473666881635,"[""identity"", ""sg_smooth_w11_p2"", ""sg_smooth_w21_p3"", ""sg_d1_w11_p2"", ""sg_d1_w21_p3"", ""sg_d2_w11_p2"", ""detrend_d1"", ""detrend_d2"", ""fd_d1""]",0.1353557250004087,0.15765438100061147,2.75215618399505
ok,DIESEL_bp50_246_hla-b,2,5,133,113,401,2.5100387932360175,2.519817552455992,"[2.077242823297316e-08, 1.181923337430147e-08, 1.181923337430147e-08, 7.048545573525775e-10, 7.048545573525775e-10, 7.048545573525775e-10, 2.077242823297316e-08, 3.650776332348399e-08, 6.724985446547718e-09]","[3.0438639719986633, 2.983702852185475, 3.176585478241808, 3.1001843002021015, 3.1301947609309613, 3.773531003681069, 2.9948918295818574, 3.094934422102684, 3.3010025754383663]",618.336003791858,3.0669545049273954,"[""identity"", ""sg_smooth_w11_p2"", ""sg_smooth_w21_p3"", ""sg_d1_w11_p2"", ""sg_d1_w21_p3"", ""sg_d2_w11_p2"", ""detrend_d1"", ""detrend_d2"", ""fd_d1""]",0.15877065200038487,0.1808742479988723,2.558528315833483
ok,DIESEL_bp50_246_hlb-a,0,5,133,113,401,2.832155196831236,2.919269159580649,"[1.8771833228330265e-08, 3.2991696346792683e-08, 1.0680921618827338e-08, 1.9675004958774297e-09, 1.9675004958774297e-09, 6.369699320875844e-10, 1.8771833228330265e-08, 3.2991696346792683e-08, 1.9675004958774297e-09]","[2.962572455626642, 2.963450626230368, 3.0670305399554265, 2.96601003867658, 2.941294367131435, 3.4249043285567105, 2.8813956994491505, 3.0015861814194182, 2.924424278174784]",0.8978188131419853,2.8171577576061333,"[""identity"", ""sg_smooth_w11_p2"", ""sg_smooth_w21_p3"", ""sg_d1_w11_p2"", ""sg_d1_w21_p3"", ""sg_d2_w11_p2"", ""detrend_d1"", ""detrend_d2"", ""fd_d1""]",0.12674085300022853,0.15183157999854302,2.901340817722118
ok,DIESEL_bp50_246_hlb-a,1,5,133,113,401,2.902748988683488,2.8088680970488045,"[1.0190618999772001e-07, 3.2991696346792683e-08, 1.0680921618827338e-08, 6.369699320875844e-10, 1.1194814233569655e-09, 6.369699320875844e-10, 1.0190618999772001e-07, 1.7910121165946418e-07, 1.8771833228330265e-08]","[3.252372293472175, 3.0591897644467996, 3.0023866579316008, 3.2508318397547833, 3.0776577264028986, 4.081747699639878, 3.224745743108999, 3.3411184787836286, 3.593339114510583]",144.42647688430017,3.0016652958567205,"[""identity"", ""sg_smooth_w11_p2"", ""sg_smooth_w21_p3"", ""sg_d1_w11_p2"", ""sg_d1_w21_p3"", ""sg_d2_w11_p2"", ""detrend_d1"", ""detrend_d2"", ""fd_d1""]",0.1237286240029789,0.1435694780011545,3.019815543935496
ok,DIESEL_bp50_246_hlb-a,2,5,133,113,401,2.77954441292432,2.8256403719144716,"[5.798325686147121e-08, 3.2991696346792683e-08, 3.2991696346792683e-08, 1.1194814233569655e-09, 1.9675004958774297e-09, 6.369699320875844e-10, 5.798325686147121e-08, 3.2991696346792683e-08, 3.4579030259116564e-09]","[2.8954218667315104, 2.8712963150269237, 3.2452295987729953, 2.821803368310836, 2.890817520167316, 3.3293765012868213, 2.8305922726759882, 2.91653770598177, 2.95860667154771]",4147.9716475309215,2.9212290022241163,"[""identity"", ""sg_smooth_w11_p2"", ""sg_smooth_w21_p3"", ""sg_d1_w11_p2"", ""sg_d1_w21_p3"", ""sg_d2_w11_p2"", ""detrend_d1"", ""detrend_d2"", ""fd_d1""]",0.14121425099801854,0.16632953099906445,2.8883859595467136
ok,Fv_Fm_grp70_30,0,5,351,167,2177,0.030744695940884796,0.03103980484518308,"[257.88694477038115, 453.239045445286, 453.239045445286, 0.5218573517208133, 0.5218573517208133, 0.16894910196033885, 146.73421663763114, 146.73421663763114, 15.379405968780013]","[0.036761958295057885, 0.03699956166666446, 0.03706767540661855, 0.03624579694668374, 0.036397371955753426, 0.03734750637262419, 0.03671468291855084, 0.036654894542794574, 0.037261243549052095]",0.04562265158999854,0.036730299833674186,"[""identity"", ""sg_smooth_w11_p2"", ""sg_smooth_w21_p3"", ""sg_d1_w11_p2"", ""sg_d1_w21_p3"", ""sg_d2_w11_p2"", ""detrend_d1"", ""detrend_d2"", ""fd_d1""]",2.122307120000187,2.264783084003284,0.0305324550364034
ok,Fv_Fm_grp70_30,1,5,351,167,2177,0.02984181242447882,0.031031651854495402,"[453.239045445286, 796.5724379691345, 4.979017385768153, 0.917169840307914, 0.16894910196033885, 0.16894910196033885, 257.88694477038115, 257.88694477038115, 15.379405968780013]","[0.03549385691559839, 0.03567532312814795, 0.03544518500567158, 0.03495696711521511, 0.03493032172181877, 0.035687470971189475, 0.03545942042022894, 0.03550055814817539, 0.03574309691637271]",0.08367475749918102,0.035133728558486586,"[""identity"", ""sg_smooth_w11_p2"", ""sg_smooth_w21_p3"", ""sg_d1_w11_p2"", ""sg_d1_w21_p3"", ""sg_d2_w11_p2"", ""detrend_d1"", ""detrend_d2"", ""fd_d1""]",2.2001708860007057,2.339779809000902,0.0292548893055931
ok,Fv_Fm_grp70_30,2,5,351,167,2177,0.029913907942265366,0.031031651854495402,"[453.239045445286, 796.5724379691345, 4.979017385768153, 0.16894910196033885, 0.16894910196033885, 0.29692984175497067, 27.029469394086068, 27.029469394086068, 15.379405968780013]","[0.0370660155330699, 0.03722739934458448, 0.03701683887099272, 0.03632457838822747, 0.03643453548613245, 0.0377244900560175, 0.03694209214581783, 0.03677697788350178, 0.03750277466715295]",0.08826450468314553,0.03657647006354552,"[""identity"", ""sg_smooth_w11_p2"", ""sg_smooth_w21_p3"", ""sg_d1_w11_p2"", ""sg_d1_w21_p3"", ""sg_d2_w11_p2"", ""detrend_d1"", ""detrend_d2"", ""fd_d1""]",2.17104026999732,2.300783105998562,0.0301070486854635
ok,LMA_spxyG70_30_byCultivar_ASD,0,5,1092,472,2101,0.30078461123424066,0.30299958873138716,"[0.0014224083514935177, 0.0014224083514935177, 0.0014224083514935177, 8.890837259953589e-06, 8.890837259953589e-06, 8.890837259953589e-06, 0.0014224083514935177, 0.0014224083514935177, 8.890837259953589e-06]","[0.28160485665219326, 0.2816150636133435, 0.2816460452179275, 0.2829256271305081, 0.2829744699177173, 0.4109623544014516, 0.2831796549431628, 0.282586517934566, 0.28306102524288884]",17.588464637611935,0.28275910908683805,"[""identity"", ""sg_smooth_w11_p2"", ""sg_smooth_w21_p3"", ""sg_d1_w11_p2"", ""sg_d1_w21_p3"", ""sg_d2_w11_p2"", ""detrend_d1"", ""detrend_d2"", ""fd_d1""]",12.085005256998556,12.386268753998593,0.3029995887397175
ok,LMA_spxyG70_30_byCultivar_ASD,1,5,1092,472,2101,0.301178481794352,0.3028223387831104,"[0.0008093312958554895, 0.0008093312958554895, 0.0008093312958554895, 8.890837259953589e-06, 8.890837259953589e-06, 8.890837259953589e-06, 0.0008093312958554895, 0.0008093312958554895, 8.890837259953589e-06]","[0.2808575194229666, 0.28088171331907336, 0.2809512336036249, 0.2820593625601828, 0.2820070940891154, 0.4106142248385057, 0.2827059290447692, 0.28236090001535535, 0.28190779051788645]",3.2409022468194486,0.2816641458563054,"[""identity"", ""sg_smooth_w11_p2"", ""sg_smooth_w21_p3"", ""sg_d1_w11_p2"", ""sg_d1_w21_p3"", ""sg_d2_w11_p2"", ""detrend_d1"", ""detrend_d2"", ""fd_d1""]",12.804718510000384,13.09677734700017,0.3028223387901009
ok,LMA_spxyG70_30_byCultivar_ASD,2,5,1092,472,2101,0.3011994096875656,0.3028223387831104,"[0.0008093312958554895, 0.0008093312958554895, 0.0008093312958554895, 8.890837259953589e-06, 8.890837259953589e-06, 8.890837259953589e-06, 0.0008093312958554895, 0.0008093312958554895, 8.890837259953589e-06]","[0.28182872314904445, 0.28183620767153, 0.2818861930890757, 0.282484735944459, 0.28241192913260826, 0.4091553834543694, 0.2835657696976088, 0.28334935714159837, 0.2823001394826277]",0.10985204528574051,0.283268546131327,"[""identity"", ""sg_smooth_w11_p2"", ""sg_smooth_w21_p3"", ""sg_d1_w11_p2"", ""sg_d1_w21_p3"", ""sg_d2_w11_p2"", ""detrend_d1"", ""detrend_d2"", ""fd_d1""]",12.959922756999731,13.273445358998288,0.3028223387901009
ok,N_wOutlier,0,5,1220,1207,1154,0.33240439132418836,0.33994465622842196,"[0.00528463961404998, 0.0030068891415587357, 0.0009734675931755807, 0.0001020304170081276, 0.0001020304170081276, 1.069394201494981e-05, 0.0030068891415587357, 0.0030068891415587357, 0.0005538900188759937]","[0.3944216745413927, 0.3841017148718674, 0.38341146613522603, 0.39401675101908606, 0.39531136334769323, 0.4505968556717869, 0.3866431935086041, 0.3836530282598098, 0.4406519090932063]",23.450498631763704,0.38593458440543016,"[""identity"", ""sg_smooth_w11_p2"", ""sg_smooth_w21_p3"", ""sg_d1_w11_p2"", ""sg_d1_w21_p3"", ""sg_d2_w11_p2"", ""detrend_d1"", ""detrend_d2"", ""fd_d1""]",12.504087295998033,12.694735553002829,0.3275113610821868
ok,N_wOutlier,1,5,1220,1207,1154,0.3416144464032204,0.3493038345925054,"[0.009287810270221363, 0.00528463961404998, 0.0017108796379579027, 0.00017931954195014944, 0.00017931954195014944, 1.8794716712855368e-05, 0.00528463961404998, 0.00528463961404998, 0.0009734675931755807]","[0.413798021014624, 0.4107250959175618, 0.4043850988202551, 0.4176910079005866, 0.4162886648999725, 0.464758099551851, 0.3909649664230313, 0.3899567985255834, 0.45079597950305506]",40.15055232275346,0.4026723338694844,"[""identity"", ""sg_smooth_w11_p2"", ""sg_smooth_w21_p3"", ""sg_d1_w11_p2"", ""sg_d1_w21_p3"", ""sg_d2_w11_p2"", ""detrend_d1"", ""detrend_d2"", ""fd_d1""]",13.052594467000745,13.25229525600298,0.3422027746817642
ok,N_wOutlier,2,5,1220,1207,1154,0.33865521634880247,0.33994465622842196,"[0.00528463961404998, 0.0030068891415587357, 0.0017108796379579027, 0.0001020304170081276, 5.8053940366111546e-05, 1.8794716712855368e-05, 0.00528463961404998, 0.00528463961404998, 0.0009734675931755807]","[0.40858209657897476, 0.4028067463864371, 0.3988003763717725, 0.41089762417958714, 0.4082846327249919, 0.4687073307464555, 0.3910359368802491, 0.3904067646478683, 0.4583366361445398]",71.70366224491534,0.4019842342488202,"[""identity"", ""sg_smooth_w11_p2"", ""sg_smooth_w21_p3"", ""sg_d1_w11_p2"", ""sg_d1_w21_p3"", ""sg_d2_w11_p2"", ""detrend_d1"", ""detrend_d2"", ""fd_d1""]",13.68106264599919,13.88873967499967,0.3422027746817642
ok,N_woOutlier,0,5,1205,1207,1154,0.26418058334080163,0.27421158687562813,"[3.4553447657554274e-05, 1.966044880121798e-05, 6.3649868266683305e-06, 3.6215922320209077e-06, 3.6215922320209077e-06, 3.6215922320209077e-06, 3.4553447657554274e-05, 3.4553447657554274e-05, 6.3649868266683305e-06]","[0.28808835467682614, 0.28380994119772485, 0.28424149236049556, 0.2904985723443567, 0.29122568565166057, 0.3464495297687038, 0.28861135337877925, 0.288261776279538, 0.30360413743233894]",1.8751452308299925e-05,0.2813469505062426,"[""identity"", ""sg_smooth_w11_p2"", ""sg_smooth_w21_p3"", ""sg_d1_w11_p2"", ""sg_d1_w21_p3"", ""sg_d2_w11_p2"", ""detrend_d1"", ""detrend_d2"", ""fd_d1""]",12.53863033000016,12.730685286001972,0.2667756676053198
ok,N_woOutlier,1,5,1205,1207,1154,0.2633815922304483,0.27460653966690984,"[6.07280513835156e-05, 1.966044880121798e-05, 6.3649868266683305e-06, 3.6215922320209077e-06, 3.6215922320209077e-06, 3.6215922320209077e-06, 6.07280513835156e-05, 6.07280513835156e-05, 6.3649868266683305e-06]","[0.28987203819282753, 0.2843723363647987, 0.28354705959712573, 0.29061465033426426, 0.289879357907749, 0.3460075769829173, 0.29096050771886817, 0.29053694687309684, 0.30577896911478103]",0.00299589488901418,0.2817660201229367,"[""identity"", ""sg_smooth_w11_p2"", ""sg_smooth_w21_p3"", ""sg_d1_w11_p2"", ""sg_d1_w21_p3"", ""sg_d2_w11_p2"", ""detrend_d1"", ""detrend_d2"", ""fd_d1""]",12.621710088998952,12.81233196300309,0.2643976916593918
ok,N_woOutlier,2,5,1205,1207,1154,0.2651350794590896,0.27460653966690984,"[6.07280513835156e-05, 1.118653197493036e-05, 3.6215922320209077e-06, 3.6215922320209077e-06, 3.6215922320209077e-06, 3.6215922320209077e-06, 3.4553447657554274e-05, 3.4553447657554274e-05, 6.3649868266683305e-06]","[0.28567535187810955, 0.27950966619109874, 0.28208695163627634, 0.28792630620828413, 0.288087431184098, 0.34309047970929496, 0.2856695758144708, 0.2854373830367932, 0.3039429511894983]",0.0029952149300697724,0.28012081742398726,"[""identity"", ""sg_smooth_w11_p2"", ""sg_smooth_w21_p3"", ""sg_d1_w11_p2"", ""sg_d1_w21_p3"", ""sg_d2_w11_p2"", ""detrend_d1"", ""detrend_d2"", ""fd_d1""]",13.08544357899882,13.263190944999224,0.2665379989068704
ok,Rd25_CBtestSite,0,5,324,146,2151,0.23598523556123432,0.2319746825073119,"[0.00016841867693753845, 5.4524831600280115e-05, 9.582797085591067e-05, 1.8501484569499694e-06, 1.8501484569499694e-06, 1.8501484569499694e-06, 0.00016841867693753845, 9.582797085591067e-05, 1.8501484569499694e-06]","[0.170266877474475, 0.17300627353037645, 0.17478789537415568, 0.17826776804186736, 0.17664852955472254, 0.21948262844676197, 0.16921623395171853, 0.17085747837060022, 0.18311078852735005]",0.01616250517558769,0.17093038652908685,"[""identity"", ""sg_smooth_w11_p2"", ""sg_smooth_w21_p3"", ""sg_d1_w11_p2"", ""sg_d1_w21_p3"", ""sg_d2_w11_p2"", ""detrend_d1"", ""detrend_d2"", ""fd_d1""]",1.8634541270002956,1.9626357769993774,0.2273666439792465
ok,Rd25_CBtestSite,1,5,324,146,2151,0.23474349042221143,0.2290803004719949,"[0.0002959976141417101, 0.00016841867693753845, 0.00016841867693753845, 1.8501484569499694e-06, 1.8501484569499694e-06, 1.8501484569499694e-06, 0.0002959976141417101, 0.00016841867693753845, 3.251655570648272e-06]","[0.174529106828351, 0.17707312734755162, 0.17880184648381378, 0.17939957122225644, 0.17801051544826207, 0.21996272431456795, 0.17337047969976954, 0.17551122860512727, 0.1854833494816848]",1.469695998539603,0.1761060510526481,"[""identity"", ""sg_smooth_w11_p2"", ""sg_smooth_w21_p3"", ""sg_d1_w11_p2"", ""sg_d1_w21_p3"", ""sg_d2_w11_p2"", ""detrend_d1"", ""detrend_d2"", ""fd_d1""]",1.926217670999904,2.009683494001365,0.2253153040821632
ok,Rd25_CBtestSite,2,5,324,146,2151,0.22773129175134812,0.2288660092167947,"[0.0005202189517857249, 0.0002959976141417101, 0.00016841867693753845, 1.8501484569499694e-06, 1.8501484569499694e-06, 1.8501484569499694e-06, 0.0005202189517857249, 0.0005202189517857249, 1.8501484569499694e-06]","[0.1775326147214212, 0.17878848164642527, 0.17878663429846176, 0.18760564442839595, 0.1851933277649419, 0.2252736337088745, 0.17611551921209628, 0.1789621263581027, 0.19484253214147929]",0.4441628658017222,0.1796889103093659,"[""identity"", ""sg_smooth_w11_p2"", ""sg_smooth_w21_p3"", ""sg_d1_w11_p2"", ""sg_d1_w21_p3"", ""sg_d2_w11_p2"", ""detrend_d1"", ""detrend_d2"", ""fd_d1""]",2.0274921739983256,2.119610902002023,0.2256251081219457
ok,Rd25_GTtestSite,0,5,297,173,2151,0.1926298527650638,0.19089075451091858,"[0.00031784459519952136, 0.0005586152531158289, 0.00031784459519952136, 1.1304080432665599e-06, 1.1304080432665599e-06, 1.1304080432665599e-06, 0.0005586152531158289, 0.00018084931647328274, 1.9867041464622957e-06]","[0.19974336357394568, 0.20071449284020576, 0.20017713504570267, 0.20256843338165886, 0.20198061816745422, 0.23286663147790204, 0.19844705675631436, 0.20128072128736396, 0.21105514589680285]",0.004472358810580302,0.1988950077786838,"[""identity"", ""sg_smooth_w11_p2"", ""sg_smooth_w21_p3"", ""sg_d1_w11_p2"", ""sg_d1_w21_p3"", ""sg_d2_w11_p2"", ""detrend_d1"", ""detrend_d2"", ""fd_d1""]",1.7092667690012604,1.808373080999445,0.1952313169027458
ok,Rd25_GTtestSite,1,5,297,173,2151,0.23559149411223476,0.19089075451091858,"[0.00031784459519952136, 0.0009817722425570178, 0.0005586152531158289, 1.1304080432665599e-06, 1.1304080432665599e-06, 1.1304080432665599e-06, 0.0005586152531158289, 0.00018084931647328274, 6.136618380895316e-06]","[0.20654392852444808, 0.2076756542315695, 0.20637104876002793, 0.2064743107988753, 0.20829255233888863, 0.2416633031336691, 0.20499761620296925, 0.20572469227372658, 0.22004205361352466]",0.0002523749852130358,0.20485197565862578,"[""identity"", ""sg_smooth_w11_p2"", ""sg_smooth_w21_p3"", ""sg_d1_w11_p2"", ""sg_d1_w21_p3"", ""sg_d2_w11_p2"", ""detrend_d1"", ""detrend_d2"", ""fd_d1""]",1.7468072769988794,1.8522493700002087,0.1952313169027458
ok,Rd25_GTtestSite,2,5,297,173,2151,0.21493564780080207,0.1924286160589184,"[0.00018084931647328274, 0.00031784459519952136, 0.00018084931647328274, 1.1304080432665599e-06, 1.1304080432665599e-06, 1.1304080432665599e-06, 0.00010290083821725119, 0.00010290083821725119, 3.49165364585055e-06]","[0.19947780612524602, 0.20227687818483625, 0.20108087366016175, 0.2008246175018847, 0.20148941832584627, 0.23354307422237075, 0.19803369928288572, 0.1997464948334573, 0.2110057062896578]",0.013970047118902531,0.19772551233314506,"[""identity"", ""sg_smooth_w11_p2"", ""sg_smooth_w21_p3"", ""sg_d1_w11_p2"", ""sg_d1_w21_p3"", ""sg_d2_w11_p2"", ""detrend_d1"", ""detrend_d2"", ""fd_d1""]",1.8190071450007963,1.9184156549999898,0.2008525396126024
ok,Rd25_XSBNtestSite,0,5,319,151,2151,0.2448142547922341,0.25908556983162434,"[0.0005667783345141833, 0.0005667783345141833, 0.0005667783345141833, 1.1469267702778076e-06, 1.1469267702778076e-06, 1.1469267702778076e-06, 0.0005667783345141833, 0.0005667783345141833, 3.5426774100012023e-06]","[0.1858843208531449, 0.18777345717654265, 0.1876914791045124, 0.18883166097166523, 0.1897383091560545, 0.23028373525371762, 0.18895145349881282, 0.19046109003311704, 0.19801252032602842]",4.771344132634835,0.1882481586289358,"[""identity"", ""sg_smooth_w11_p2"", ""sg_smooth_w21_p3"", ""sg_d1_w11_p2"", ""sg_d1_w21_p3"", ""sg_d2_w11_p2"", ""detrend_d1"", ""detrend_d2"", ""fd_d1""]",1.8310126299984404,1.9413462299999082,0.2590855698340462
ok,Rd25_XSBNtestSite,1,5,319,151,2151,0.246759685445088,0.2629508341894815,"[0.00099611894484618, 0.00099611894484618, 0.00099611894484618, 2.015735984693639e-06, 2.015735984693639e-06, 1.1469267702778076e-06, 0.0005667783345141833, 0.0005667783345141833, 3.5426774100012023e-06]","[0.19157532368109323, 0.19265995729692892, 0.19267321783388008, 0.19580018553924394, 0.19659648384457176, 0.22948398455817096, 0.19309479034372837, 0.19378919159985752, 0.2046183140615565]",4.617401734761655,0.19388184525374083,"[""identity"", ""sg_smooth_w11_p2"", ""sg_smooth_w21_p3"", ""sg_d1_w11_p2"", ""sg_d1_w21_p3"", ""sg_d2_w11_p2"", ""detrend_d1"", ""detrend_d2"", ""fd_d1""]",2.0030008260000614,2.159150666997448,0.2629508341907787
ok,Rd25_XSBNtestSite,2,5,319,151,2151,0.2486346169611244,0.2629508341894815,"[0.00099611894484618, 0.00099611894484618, 0.0005667783345141833, 2.015735984693639e-06, 2.015735984693639e-06, 1.1469267702778076e-06, 0.00099611894484618, 0.0005667783345141833, 3.5426774100012023e-06]","[0.18786261709262492, 0.18908732572866863, 0.18892605820082478, 0.19063189782954687, 0.19211995677903806, 0.22930121369133252, 0.18903697763068256, 0.18943928637093613, 0.19759398500517575]",2.6229648982783247,0.18853894388959574,"[""identity"", ""sg_smooth_w11_p2"", ""sg_smooth_w21_p3"", ""sg_d1_w11_p2"", ""sg_d1_w21_p3"", ""sg_d2_w11_p2"", ""detrend_d1"", ""detrend_d2"", ""fd_d1""]",2.020875767000689,2.1265793359998497,0.2629508341907787
ok,Rd25_spxy70,0,5,329,141,2151,0.17220507857719666,0.1740889754735782,"[0.0004693268443842132, 0.0004693268443842132, 0.00026704068683680896, 1.669151679234301e-06, 1.669151679234301e-06, 1.669151679234301e-06, 0.0004693268443842132, 0.0004693268443842132, 2.9335518107485036e-06]","[0.2021601336695103, 0.20256186819471855, 0.20149199402155013, 0.2084856391525541, 0.2076440935151176, 0.25642965006817314, 0.2008400277218212, 0.20408409762567442, 0.22513727196606145]",3.1342596708445583,0.2024839338087924,"[""identity"", ""sg_smooth_w11_p2"", ""sg_smooth_w21_p3"", ""sg_d1_w11_p2"", ""sg_d1_w21_p3"", ""sg_d2_w11_p2"", ""detrend_d1"", ""detrend_d2"", ""fd_d1""]",1.9301448270016408,2.0299195799998415,0.1736818207050156
ok,Rd25_spxy70,1,5,329,141,2151,0.17126080525061416,0.1737691714964629,"[0.0008248469155348258, 0.0008248469155348258, 0.0004693268443842132, 1.669151679234301e-06, 1.669151679234301e-06, 1.669151679234301e-06, 0.0008248469155348258, 0.00026704068683680896, 5.1557484759525015e-06]","[0.19628231430165796, 0.1960524627505561, 0.19554584047027762, 0.19984827887900436, 0.20042015137114016, 0.2514330918304314, 0.1954457943585583, 0.19849902015767437, 0.21556544743349634]",3.140885604682371,0.19717838653341196,"[""identity"", ""sg_smooth_w11_p2"", ""sg_smooth_w21_p3"", ""sg_d1_w11_p2"", ""sg_d1_w21_p3"", ""sg_d2_w11_p2"", ""detrend_d1"", ""detrend_d2"", ""fd_d1""]",2.0279401869993308,2.1244695150016923,0.1731805964165486
ok,Rd25_spxy70,2,5,329,141,2151,0.17231791465073829,0.1737691714964629,"[0.0008248469155348258, 0.0008248469155348258, 0.0004693268443842132, 1.669151679234301e-06, 1.669151679234301e-06, 1.669151679234301e-06, 0.0008248469155348258, 0.0004693268443842132, 5.1557484759525015e-06]","[0.1984758317946272, 0.19762731032340275, 0.19626892014649586, 0.2031407681788599, 0.2036249587702569, 0.25321084137288064, 0.19799924470202218, 0.201940864917011, 0.2217300725912709]",3.115096838054001,0.1999095906659219,"[""identity"", ""sg_smooth_w11_p2"", ""sg_smooth_w21_p3"", ""sg_d1_w11_p2"", ""sg_d1_w21_p3"", ""sg_d2_w11_p2"", ""detrend_d1"", ""detrend_d2"", ""fd_d1""]",2.203183117999288,2.3008453990005364,0.177163167358505
ok,Rice_Amylose_313_YbasedSplit,0,5,203,110,1154,1.9994245779715734,2.5066726285894076,"[9.225570207727132e-06, 5.249225852326985e-06, 2.986739185579991e-06, 9.669441304784976e-07, 9.669441304784976e-07, 9.669441304784976e-07, 9.225570207727132e-06, 9.225570207727132e-06, 5.249225852326985e-06]","[2.9979202219226946, 2.792762644291471, 2.5256868150564764, 3.106599929153325, 2.9961224105046123, 3.9679161013617885, 3.006077078514676, 2.999360335227208, 3.929225668882895]",2.667868787480775,2.5288030147255323,"[""identity"", ""sg_smooth_w11_p2"", ""sg_smooth_w21_p3"", ""sg_d1_w11_p2"", ""sg_d1_w21_p3"", ""sg_d2_w11_p2"", ""detrend_d1"", ""detrend_d2"", ""fd_d1""]",0.520693744001619,0.576851900001202,1.974723453318332
ok,Rice_Amylose_313_YbasedSplit,1,5,203,110,1154,2.1367531487767732,2.553223296537801,"[2.8496343459991357e-05, 9.225570207727132e-06, 5.249225852326985e-06, 9.669441304784976e-07, 9.669441304784976e-07, 9.669441304784976e-07, 2.8496343459991357e-05, 2.8496343459991357e-05, 9.225570207727132e-06]","[3.1192112120971953, 2.9087576607900916, 2.7058593733291607, 3.0375244097927174, 2.9511051550950254, 3.8489494950492413, 3.1024377586967646, 3.0801655031062922, 3.8478543884854397]",0.00017610487744291892,2.5609115869106858,"[""identity"", ""sg_smooth_w11_p2"", ""sg_smooth_w21_p3"", ""sg_d1_w11_p2"", ""sg_d1_w21_p3"", ""sg_d2_w11_p2"", ""detrend_d1"", ""detrend_d2"", ""fd_d1""]",0.5415904610017606,0.5977118859991606,1.936250591246078
ok,Rice_Amylose_313_YbasedSplit,2,5,203,110,1154,2.0100848896186445,2.553223296537801,"[2.8496343459991357e-05, 9.225570207727132e-06, 9.225570207727132e-06, 9.669441304784976e-07, 9.669441304784976e-07, 9.669441304784976e-07, 2.8496343459991357e-05, 2.8496343459991357e-05, 9.225570207727132e-06]","[3.0868019217008675, 2.8501184840837537, 2.5985816889430056, 3.04298499060762, 2.9325863496409665, 3.8560399785552946, 3.018672795840741, 2.9878713910218946, 3.7762350954068156]",1.3917567428640918,2.4912562233571314,"[""identity"", ""sg_smooth_w11_p2"", ""sg_smooth_w21_p3"", ""sg_d1_w11_p2"", ""sg_d1_w21_p3"", ""sg_d2_w11_p2"", ""detrend_d1"", ""detrend_d2"", ""fd_d1""]",0.6118487749990891,0.690829560997372,1.968351043558364
ok,TIC_spxy70,0,5,43,19,254,3.845301586982437,4.623936611206108,"[0.4410025731048164, 0.026299732276461166, 0.026299732276461166, 0.0005077683337640111, 0.000288913379289507, 0.000288913379289507, 0.026299732276461166, 0.0812357596312192, 0.026299732276461166]","[6.555214783636002, 5.557589963348254, 5.2559043421360645, 6.695270445341014, 6.26308208501993, 7.043634129481139, 7.456496999276889, 7.798031085715832, 7.362945335604072]",163.3037321079566,5.6497183873633645,"[""identity"", ""sg_smooth_w11_p2"", ""sg_smooth_w21_p3"", ""sg_d1_w11_p2"", ""sg_d1_w21_p3"", ""sg_d2_w11_p2"", ""detrend_d1"", ""detrend_d2"", ""fd_d1""]",0.039188049999211216,0.049062197998864576,3.6501909677101936
ok,TIC_spxy70,1,5,43,19,254,3.7414500876167254,4.623936611206108,"[0.4410025731048164, 0.046222058906717024, 0.046222058906717024, 0.0005077683337640111, 0.00016438784221482462, 0.000288913379289507, 0.0812357596312192, 0.0812357596312192, 0.046222058906717024]","[6.854392743873264, 5.717576072009052, 5.483449075069319, 6.543241396783635, 5.9717496012109645, 7.4160526283334445, 7.630195515043634, 7.668033309865777, 7.51786619469851]",491.10088543310184,6.123498361598129,"[""identity"", ""sg_smooth_w11_p2"", ""sg_smooth_w21_p3"", ""sg_d1_w11_p2"", ""sg_d1_w21_p3"", ""sg_d2_w11_p2"", ""detrend_d1"", ""detrend_d2"", ""fd_d1""]",0.04861404699840932,0.0625409979984397,3.8052271745783264
ok,TIC_spxy70,2,5,43,19,254,3.6824810632209797,4.710187483642924,"[0.7750667078200173, 0.026299732276461166, 0.026299732276461166, 9.3534479900175e-05, 0.00016438784221482462, 0.0008924082415550644, 0.026299732276461166, 0.046222058906717024, 0.026299732276461166]","[6.1610028025701045, 5.703328162076316, 5.356734715214252, 6.250701063823079, 6.3583166524882815, 7.078280631316777, 6.859507839345923, 7.1610544269037675, 6.973508383925972]",1050.4542683184538,6.091644277616629,"[""identity"", ""sg_smooth_w11_p2"", ""sg_smooth_w21_p3"", ""sg_d1_w11_p2"", ""sg_d1_w21_p3"", ""sg_d2_w11_p2"", ""detrend_d1"", ""detrend_d2"", ""fd_d1""]",0.040018336003413424,0.05100913799833506,3.6501909677101936
ok,WUEinst_spxyG70_30_byCultivar_MicroNIR_NeoSpectra,0,5,77,35,276,1.443737770353828,1.5249435711805506,"[5.887282654358809e-05, 3.3497849578264904e-05, 6.170538274514538e-06, 6.170538274514538e-06, 6.170538274514538e-06, 6.467422210322877e-07, 3.3497849578264904e-05, 3.3497849578264904e-05, 1.084478657853244e-05]","[1.8600055766764805, 1.8710081218776213, 1.8834006772000471, 1.7963936012159174, 1.791012986895364, 1.7720328160761813, 1.7894358694987758, 1.765390578236921, 1.7398915946853524]",0.18379565789638344,1.7734325860289288,"[""identity"", ""sg_smooth_w11_p2"", ""sg_smooth_w21_p3"", ""sg_d1_w11_p2"", ""sg_d1_w21_p3"", ""sg_d2_w11_p2"", ""detrend_d1"", ""detrend_d2"", ""fd_d1""]",0.05826268699820503,0.06972712700007833,1.376533829302975
ok,WUEinst_spxyG70_30_byCultivar_MicroNIR_NeoSpectra,1,5,77,35,276,1.9340655600706642,1.5249435711805506,"[5.887282654358809e-05, 3.3497849578264904e-05, 1.084478657853244e-05, 1.9976855680072037e-06, 3.5109536108917427e-06, 1.1366563250064302e-06, 5.887282654358809e-05, 0.00010346961816558935, 3.3497849578264904e-05]","[1.7537096826904262, 1.7292087730404853, 1.693163976226672, 1.7016420888380075, 1.6933304844305845, 1.690068043306831, 1.758548764420846, 1.7342494220589135, 1.7106386460662908]",0.29331003769256836,1.6650870635683535,"[""identity"", ""sg_smooth_w11_p2"", ""sg_smooth_w21_p3"", ""sg_d1_w11_p2"", ""sg_d1_w21_p3"", ""sg_d2_w11_p2"", ""detrend_d1"", ""detrend_d2"", ""fd_d1""]",0.06359578300180146,0.07434873400052311,1.4670672481616478
ok,WUEinst_spxyG70_30_byCultivar_MicroNIR_NeoSpectra,2,5,77,35,276,1.7053726569994891,1.5249435711805506,"[5.887282654358809e-05, 5.887282654358809e-05, 1.9059827636053422e-05, 3.5109536108917427e-06, 3.5109536108917427e-06, 1.1366563250064302e-06, 5.887282654358809e-05, 0.00010346961816558935, 1.9059827636053422e-05]","[1.644268776914983, 1.6281338082936572, 1.6132642165013091, 1.599123642171958, 1.5829161117507513, 1.6467230225307845, 1.5771205355265476, 1.570133418849109, 1.6573136566883058]",1.4620807090592645,1.566705876153548,"[""identity"", ""sg_smooth_w11_p2"", ""sg_smooth_w21_p3"", ""sg_d1_w11_p2"", ""sg_d1_w21_p3"", ""sg_d2_w11_p2"", ""detrend_d1"", ""detrend_d2"", ""fd_d1""]",0.07370678699953714,0.08631874300044728,1.487318248856668
ok,brix_groupSampleID_stratDateVar_balRows,0,5,1434,699,2101,3.5139332927266342,3.5130706166524748,"[4.383369557526549, 0.45942672050973876, 0.26140764898516444, 0.26140764898516444, 0.26140764898516444, 0.26140764898516444, 7.703818570017948, 7.703818570017948, 4.383369557526549]","[4.522647854652486, 4.905637132375919, 4.767933963411033, 4.9235184154445575, 5.084135227611074, 4.325034350432946, 4.177198926962415, 4.180538008645434, 4.103495065173277]",380.85553221108836,4.121678347044946,"[""identity"", ""sg_smooth_w11_p2"", ""sg_smooth_w21_p3"", ""sg_d1_w11_p2"", ""sg_d1_w21_p3"", ""sg_d2_w11_p2"", ""detrend_d1"", ""detrend_d2"", ""fd_d1""]",24.605865646000893,25.028325059000053,3.6506627755572456
ok,brix_groupSampleID_stratDateVar_balRows,1,5,1434,699,2101,3.536266525720734,3.5130706166524748,"[4.383369557526549, 0.8074473426380576, 0.26140764898516444, 0.26140764898516444, 0.26140764898516444, 0.26140764898516444, 7.703818570017948, 7.703818570017948, 4.383369557526549]","[4.4657588667487635, 4.850393708844227, 4.625336737221217, 4.90928554742323, 5.088446025914662, 4.47231215548301, 4.148714144033098, 4.136188018534223, 4.184609622425588]",0.4416334758212079,4.169188134926461,"[""identity"", ""sg_smooth_w11_p2"", ""sg_smooth_w21_p3"", ""sg_d1_w11_p2"", ""sg_d1_w21_p3"", ""sg_d2_w11_p2"", ""detrend_d1"", ""detrend_d2"", ""fd_d1""]",24.592325940000592,24.993308254001022,3.4819277999920013
ok,brix_groupSampleID_stratDateVar_balRows,2,5,1434,699,2101,3.5199865239219084,3.5130706166524748,"[4.383369557526549, 0.45942672050973876, 0.26140764898516444, 0.26140764898516444, 0.26140764898516444, 0.26140764898516444, 4.383369557526549, 4.383369557526549, 2.494078553800326]","[4.388036395616308, 4.800913630510669, 4.629875860001536, 4.990016766422824, 5.167226453673112, 4.4098394687712155, 4.157926462038475, 4.149744138762801, 4.084416795276778]",0.0002893506429462902,4.05931477810096,"[""identity"", ""sg_smooth_w11_p2"", ""sg_smooth_w21_p3"", ""sg_d1_w11_p2"", ""sg_d1_w21_p3"", ""sg_d2_w11_p2"", ""detrend_d1"", ""detrend_d2"", ""fd_d1""]",21.35964823500035,21.77899687700119,3.625902911719294
ok,grapevine_chloride_556_KS,0,5,388,167,1023,973.7162431265965,1000.9793730409255,"[35.6647702834216, 11.54631795669218, 6.569700230202675, 0.22292449855949478, 0.22292449855949478, 0.041064252422366214, 35.6647702834216, 35.6647702834216, 6.569700230202675]","[1096.521846977032, 1045.4065004805043, 1021.9571301312413, 1090.7720784786372, 1079.1379483801861, 1238.1397934625484, 1090.471936488971, 1088.6442528207822, 1275.9643787069047]",8678617.028425267,1052.4902831028453,"[""identity"", ""sg_smooth_w11_p2"", ""sg_smooth_w21_p3"", ""sg_d1_w11_p2"", ""sg_d1_w21_p3"", ""sg_d2_w11_p2"", ""detrend_d1"", ""detrend_d2"", ""fd_d1""]",1.1310962909992668,1.178638907000277,964.3649874074544
ok,grapevine_chloride_556_KS,1,5,388,167,1023,976.6848476036884,1000.9793730409255,"[35.6647702834216, 11.54631795669218, 3.7380714160663895, 0.391792174758739, 0.22292449855949478, 0.023365009486505366, 35.6647702834216, 35.6647702834216, 11.54631795669218]","[1121.6382149012672, 1075.006611109278, 1054.1679429350397, 1108.5585183587987, 1094.487212656156, 1240.332463974367, 1118.8435473615618, 1111.7071425416573, 1280.3848276432295]",171776.76955773638,1062.3115178201156,"[""identity"", ""sg_smooth_w11_p2"", ""sg_smooth_w21_p3"", ""sg_d1_w11_p2"", ""sg_d1_w21_p3"", ""sg_d2_w11_p2"", ""detrend_d1"", ""detrend_d2"", ""fd_d1""]",1.1031930629978888,1.1505918660004681,953.9795463178996
ok,grapevine_chloride_556_KS,2,5,388,167,1023,970.4333947857907,1000.9793730409255,"[35.6647702834216, 11.54631795669218, 3.7380714160663895, 0.22292449855949478, 0.22292449855949478, 0.041064252422366214, 35.6647702834216, 35.6647702834216, 11.54631795669218]","[1113.5634774231535, 1068.0804359147828, 1042.961767973891, 1087.076175140894, 1079.2620451362322, 1225.6256021982922, 1109.2333884228462, 1106.3259425152514, 1266.1482682463582]",2924699.8629115196,1055.61073608967,"[""identity"", ""sg_smooth_w11_p2"", ""sg_smooth_w21_p3"", ""sg_d1_w11_p2"", ""sg_d1_w21_p3"", ""sg_d2_w11_p2"", ""detrend_d1"", ""detrend_d2"", ""fd_d1""]",1.1609894369976246,1.2089480610011378,953.9795463178996
ok,ph_groupSampleID_stratDateVar_balRows,0,5,912,489,2101,0.35611045840748895,0.3586436822523733,"[70.5464290490247, 22.83910688436149, 2.393796789786197, 0.4409541179135852, 0.2508969855872235, 0.2508969855872235, 70.5464290490247, 70.5464290490247, 12.995145839444627]","[0.2916743840303032, 0.3176349654096803, 0.3072210735084565, 0.30788420352098883, 0.31129925786141976, 0.3499568446550715, 0.2923059728538001, 0.29170781609357793, 0.30288119068362124]",1.6075838517372651e-06,0.28227316770602684,"[""identity"", ""sg_smooth_w11_p2"", ""sg_smooth_w21_p3"", ""sg_d1_w11_p2"", ""sg_d1_w21_p3"", ""sg_d2_w11_p2"", ""detrend_d1"", ""detrend_d2"", ""fd_d1""]",9.672181207999529,9.950912242999038,0.3586436822488199
ok,ph_groupSampleID_stratDateVar_balRows,1,5,912,489,2101,0.3441490618786552,0.37052887262091017,"[40.13997301145948, 4.207123291792537, 1.3620383034577526, 0.2508969855872235, 0.2508969855872235, 0.2508969855872235, 40.13997301145948, 40.13997301145948, 12.995145839444627]","[0.2840816600093653, 0.3099381997909533, 0.3027379181163653, 0.29483638563530123, 0.29983831982906717, 0.3435758594937416, 0.2855224070014472, 0.28527357814475207, 0.29928394499856703]",0.7092380875121482,0.2773005796093957,"[""identity"", ""sg_smooth_w11_p2"", ""sg_smooth_w21_p3"", ""sg_d1_w11_p2"", ""sg_d1_w21_p3"", ""sg_d2_w11_p2"", ""detrend_d1"", ""detrend_d2"", ""fd_d1""]",9.44398457400166,9.7166404769996,0.3705288726216971
ok,ph_groupSampleID_stratDateVar_balRows,2,5,912,489,2101,0.31886160935510316,0.37052887262091017,"[40.13997301145948, 22.83910688436149, 1.3620383034577526, 0.2508969855872235, 0.2508969855872235, 0.2508969855872235, 40.13997301145948, 40.13997301145948, 12.995145839444627]","[0.28759413294519715, 0.32272412718050936, 0.3094532021841163, 0.3032938948045999, 0.31000765189478574, 0.34727700575597414, 0.28734026442788074, 0.28663543886900644, 0.29897551388375926]",1.2393743950093095,0.27865416880189214,"[""identity"", ""sg_smooth_w11_p2"", ""sg_smooth_w21_p3"", ""sg_d1_w11_p2"", ""sg_d1_w21_p3"", ""sg_d2_w11_p2"", ""detrend_d1"", ""detrend_d2"", ""fd_d1""]",8.86206853800104,9.179371172001993,0.3100461973755171
ok,ta_groupSampleID_stratDateVar_balRows,0,5,912,489,2101,1.8977261677519346,2.020843557817563,"[70.5464290490247, 22.83910688436149, 22.83910688436149, 0.4409541179135852, 0.4409541179135852, 0.2508969855872235, 70.5464290490247, 70.5464290490247, 12.995145839444627]","[1.7815100445810543, 1.8825184648505904, 1.8682380517065706, 1.8657352398344131, 1.8938939689089485, 2.005054824258297, 1.7819783785076897, 1.786180397013912, 1.8081012007037192]",44.974975669330796,1.7542778967801589,"[""identity"", ""sg_smooth_w11_p2"", ""sg_smooth_w21_p3"", ""sg_d1_w11_p2"", ""sg_d1_w21_p3"", ""sg_d2_w11_p2"", ""detrend_d1"", ""detrend_d2"", ""fd_d1""]",10.210973948000174,10.510318157997972,2.0208435578464963
ok,ta_groupSampleID_stratDateVar_balRows,1,5,912,489,2101,1.9002221126315104,2.057625823061355,"[40.13997301145948, 22.83910688436149, 22.83910688436149, 0.2508969855872235, 0.2508969855872235, 0.2508969855872235, 40.13997301145948, 40.13997301145948, 12.995145839444627]","[1.7530475021643497, 1.8771000082262812, 1.867748041432773, 1.8213472804574202, 1.8485059762191511, 1.9736334991947089, 1.7570338550692497, 1.7557108000462054, 1.7625659694044054]",4.872576257097567,1.7138155838729596,"[""identity"", ""sg_smooth_w11_p2"", ""sg_smooth_w21_p3"", ""sg_d1_w11_p2"", ""sg_d1_w21_p3"", ""sg_d2_w11_p2"", ""detrend_d1"", ""detrend_d2"", ""fd_d1""]",9.521512413000892,9.807006146998901,2.05762582314606
ok,ta_groupSampleID_stratDateVar_balRows,2,5,912,489,2101,1.893715116370929,2.057625823061355,"[40.13997301145948, 40.13997301145948, 40.13997301145948, 0.4409541179135852, 0.4409541179135852, 0.2508969855872235, 40.13997301145948, 40.13997301145948, 12.995145839444627]","[1.7792839602439288, 1.8983812528842, 1.8697481710274755, 1.8516770151111182, 1.8775942580526845, 1.9727343307602667, 1.7763307507418453, 1.7786909974689606, 1.791709316919237]",1.5448817004785034,1.7212915859129034,"[""identity"", ""sg_smooth_w11_p2"", ""sg_smooth_w21_p3"", ""sg_d1_w11_p2"", ""sg_d1_w21_p3"", ""sg_d2_w11_p2"", ""detrend_d1"", ""detrend_d2"", ""fd_d1""]",8.822777052002493,9.09153501000037,1.893752227390416
