dataset_group,dataset,task,variant,status,error,selection,operator_bank,alpha,alpha_index,alpha_at_boundary,grid_expansions,cv_min_score,block_scaling,scale_power,x_scale,active_operator_names,selected_operator_names,rmsep,mae,r2,ref_rmse_ridge,ref_rmse_pls,relative_rmsep_vs_ridge_raw,relative_rmsep_vs_paper_ridge,relative_rmsep_vs_pls_standard,fit_time_s,predict_time_s,random_state,version,best_n_components,effective_components,alpha_effective,alpha_factor,ridgepls_diagnostics
ALPINE,ALPINE_P_291_KS,regression,Ridge-raw,ok,,superblock,identity,0.0081910787623806,11.0,False,0,0.0755500604868345,none,1.0,center,,"[""identity""]",0.0595716557062422,0.0419574133834117,0.6523891356502958,0.0589773153713793,0.0622707496529526,,1.010077439624377,0.956655509019034,3.029279745009262,6.402295548468828e-05,0,AOM_v0/Ridge/0.1.0,,,,,
ALPINE,ALPINE_P_291_KS,regression,AOMRidge-global-compact-none,ok,,global,compact,0.0069869178350005,13.0,False,0,0.0747471331863954,none,1.0,center,,"[""detrend_d1""]",0.0603434729965278,0.0429945558295699,0.643323411898294,0.0589773153713793,0.0622707496529526,1.0129561161450948,1.0231641202476904,0.9690500489047296,108.34282620600425,0.0001246720203198,0,AOM_v0/Ridge/0.1.0,,,,,
ALPINE,ALPINE_P_291_KS,regression,AOMRidge-global-compact-none-msc,ok,,global,compact,0.0061928100078585,14.0,False,0,0.0775355282417833,none,1.0,center,,"[""detrend_d2""]",0.0625955017425175,0.0466372802724137,0.616204171767907,0.0589773153713793,0.0622707496529526,1.050759811867349,1.0613487804311637,1.0052151626787031,132.0387501489604,9.180197957903148e-05,0,AOM_v0/Ridge/0.1.0,,,,,
ALPINE,ALPINE_P_291_KS,regression,AOMRidge-global-compact-none-snv,ok,,global,compact,0.0003969125596683,16.0,False,0,0.0758937599997965,none,1.0,center,,"[""sg_d1_w11_p2""]",0.0609331620661764,0.0470667402904165,0.6363183138832587,0.0589773153713793,0.0622707496529526,1.0228549356869994,1.0331626945458812,0.978519809152278,128.78096998401452,0.0001045429962687,0,AOM_v0/Ridge/0.1.0,,,,,
ALPINE,ALPINE_P_291_KS,regression,AOMRidge-global-compact-none-asls,ok,,global,compact,1.9541889245722777e-05,17.0,False,0,0.0730590548163257,none,1.0,center,,"[""sg_d1_w21_p3""]",0.0574687738026491,0.0427473461057081,0.6764973359151006,0.0589773153713793,0.0622707496529526,0.964699958752822,0.9744216643427924,0.922885530091322,94.26082491897978,6.44790125079453e-05,0,AOM_v0/Ridge/0.1.0,,,,,
ALPINE,ALPINE_P_291_KS,regression,AOMRidgePLS-compact-colscale-cv-relative,ok,,ridge_pls,compact,95799.7733521558,,,0,0.0763448071975097,frobenius,1.0,center,,"[""identity"", ""sg_smooth_w11_p2"", ""sg_smooth_w21_p3"", ""sg_d1_w11_p2"", ""sg_d1_w21_p3"", ""sg_d2_w11_p2"", ""detrend_d1"", ""detrend_d2"", ""fd_d1""]",0.0601331886016439,0.0430012182757418,0.6458049672673032,0.0589773153713793,0.0622707496529526,1.00942617573315,1.0195986070743666,0.9656731119631335,249.14461524703077,0.6627133230213076,0,AOM_v0/Ridge/0.1.0,20.0,7.858336491106876,95799.7733521558,2.154434690031882,"{""shrinkage_factors"": [0.912635895921012, 0.7568916425430047, 0.8566253500373879, 0.7377438375048988, 0.7032681845515927, 0.5088422431249168, 0.4883426495748864, 0.30177246547842207, 0.45310623606194766, 0.38592353515539646, 0.3316043627595042, 0.19556341894960674, 0.2573102042890803, 0.151223246514066, 0.1428701209939062, 0.1528646262035778, 0.18163361001975856, 0.1148545290004458, 0.1688357434696966, 0.05642458895376733], ""block_importance"": [0.3424244874321014, 0.3414368968408451, 0.34110167720001394, 2.44980339542276, 2.475367306166566, 8.300952692861053, 0.741859489607023, 1.2872465593294158, 3.227839028338104], ""score_diag"": [1000757.8387483573, 298262.2587155912, 572378.1324152694, 269491.06458552385, 227049.91233924075, 99249.11269551114, 91434.46313943369, 41404.45967454278, 79370.94474549509, 60206.4878166363, 47528.17197625758, 23289.50678359489, 33190.518295050766, 17068.272289651944, 15968.321190578845, 17286.961443052678, 21262.43072304917, 12430.76783106181, 19459.963335839082, 5728.702518080572], ""alpha_per_component"": [95799.7733521558, 95799.7733521558, 95799.7733521558, 95799.7733521558, 95799.7733521558, 95799.7733521558, 95799.7733521558, 95799.7733521558, 95799.7733521558, 95799.7733521558, 95799.7733521558, 95799.7733521558, 95799.7733521558, 95799.7733521558, 95799.7733521558, 95799.7733521558, 95799.7733521558, 95799.7733521558, 95799.7733521558, 95799.7733521558], ""selection_rule"": ""1se"", ""scoring"": ""rmse_mean"", ""ridge_alpha_mode"": ""relative_to_score_variance""}"
ALPINE,ALPINE_P_291_KS,regression,AOMRidgePLS-compact-Hmax-relative-emsc2,ok,,ridge_pls,compact,1042981.7315207896,,,0,0.1329645203992323,frobenius,1.0,center,,"[""identity"", ""sg_smooth_w11_p2"", ""sg_smooth_w21_p3"", ""sg_d1_w11_p2"", ""sg_d1_w21_p3"", ""sg_d2_w11_p2"", ""detrend_d1"", ""detrend_d2"", ""fd_d1""]",0.1057224863587119,0.0893543958833408,-0.0948351606702555,0.0589773153713793,0.0622707496529526,1.7747112297842982,1.7925957750531534,1.6977872748910938,292.5100451760227,0.7664203809690662,0,AOM_v0/Ridge/0.1.0,5.0,0.0015424060680117,1042981.7315207896,10000.0,"{""shrinkage_factors"": [0.0010949381431571207, 0.00032630962046246715, 9.999000099990002e-05, 1.4008719328463994e-05, 7.159584063757295e-06], ""block_importance"": [0.0002051330009948613, 0.00020538348532915632, 0.000205593685139455, 0.00017156786055780627, 0.00017079259915477358, 0.00012362326166105836, 0.0002184236454582856, 0.00027574129687030067, 0.00014051342973952217], ""score_diag"": [1143.2522709769155, 340.44606378769817, 104.29817315207896, 14.611043023590943, 7.46736884704123], ""alpha_per_component"": [1042981.7315207896, 1042981.7315207896, 1042981.7315207896, 1042981.7315207896, 1042981.7315207896], ""selection_rule"": ""1se"", ""scoring"": ""rmse_mean"", ""ridge_alpha_mode"": ""relative_to_score_variance""}"
ALPINE,ALPINE_P_291_KS,regression,AOM-PLS-compact-CV,ok,,aom_pls,compact,0.0,,,0,,none,1.0,center,,[],0.0644349034490767,0.0475018105981948,0.5933166764564104,0.0589773153713793,0.0622707496529526,1.0816369410112754,1.0925370719798122,1.0347539383769324,29.74794053100049,0.0002699279575608,0,AOM_v0/Ridge/0.1.0,20.0,20.0,0.0,0.0,
ALPINE,ALPINE_P_291_KS,regression,AOMRidge-AutoSelect-headline-spxy3,ok,,auto_select,compact,0.0,,,0,0.0757357842374126,none,1.0,center,,"[""AOMRidge-global-compact-none-asls""]",0.0570384237216273,0.0423703144826088,0.6813242400630299,0.0589773153713793,0.0622707496529526,0.9574758842173756,0.9671247896323732,0.9159745793894232,2775.942596111039,0.1777813109802082,0,AOM_v0/Ridge/0.1.0,,,,,"{""selected_variant_label"": ""AOMRidge-global-compact-none-asls"", ""selected_variant_index"": 4, ""candidate_labels"": [""Ridge-raw"", ""AOMRidge-global-compact-none"", ""AOMRidge-global-compact-none-msc"", ""AOMRidge-global-compact-none-snv"", ""AOMRidge-global-compact-none-asls"", ""AOMRidgePLS-compact-colscale-cv-relative"", ""AOMRidgePLS-compact-Hmax-relative-emsc2"", ""AOM-PLS-compact-CV""], ""cv_scores"": [0.07821118164128536, 0.07729534172360066, 0.07803698936134186, 0.07875710936969965, 0.07573578423741269, 0.07722946137242943, 0.13330977333004432, 0.08316202690289733]}"
BEER,Beer_OriginalExtract_60_YbaseSplit,regression,Ridge-raw,ok,,superblock,identity,1.8982776358795802e-13,0.0,True,3,0.7360924199134468,none,1.0,center,,"[""identity""]",0.5365437076698865,0.3975251012368445,0.9516699342823064,0.1910032468197337,0.2559337959455767,,2.8090816077920877,2.0964160113656125,0.0142181120172608,1.784198684617877e-05,0,AOM_v0/Ridge/0.1.0,,,,,
BEER,Beer_OriginalExtract_60_YbaseSplit,regression,AOMRidge-global-compact-none,ok,,global,compact,5.615210125568202e-14,0.0,True,3,0.2503983580704725,none,1.0,center,,"[""sg_smooth_w21_p3""]",0.303206748736885,0.2372747342575237,0.9845657723848896,0.1910032468197337,0.2559337959455767,0.5651109954371804,1.5874429036436617,1.1847077390332643,2.3534453519969247,1.1904019629582764e-05,0,AOM_v0/Ridge/0.1.0,,,,,
BEER,Beer_OriginalExtract_60_YbaseSplit,regression,AOMRidgePLS-compact-colscale-cv-relative,ok,,ridge_pls,compact,542.2537534760656,,,0,0.4406110228222261,frobenius,1.0,center,,"[""identity"", ""sg_smooth_w11_p2"", ""sg_smooth_w21_p3"", ""sg_d1_w11_p2"", ""sg_d1_w21_p3"", ""sg_d2_w11_p2"", ""detrend_d1"", ""detrend_d2"", ""fd_d1""]",0.2416458878104727,0.1792195168696161,0.990196842243499,0.1910032468197337,0.2559337959455767,0.4503750288301725,1.2651402100956688,0.944173421558823,22.792465232982067,0.0866718559991568,0,AOM_v0/Ridge/0.1.0,5.0,4.655965347546418,542.2537534760656,0.1,"{""shrinkage_factors"": [0.9893899787653906, 0.9666643246578294, 0.9068341110278209, 0.9090909090909091, 0.8839860240044688], ""block_importance"": [0.5484242605147527, 0.6218811026450591, 0.664143695589926, 0.4989769863881975, 0.4668005808928353, 0.5310059847057499, 0.5498356806823488, 0.5528872718316058, 0.5112082225460919], ""score_diag"": [50565.44353437241, 15724.215964330948, 5278.049787426029, 5422.537534760656, 4131.784428759435], ""alpha_per_component"": [542.2537534760656, 542.2537534760656, 542.2537534760656, 542.2537534760656, 542.2537534760656], ""selection_rule"": ""1se"", ""scoring"": ""rmse_mean"", ""ridge_alpha_mode"": ""relative_to_score_variance""}"
BEER,Beer_OriginalExtract_60_YbaseSplit,regression,AOM-PLS-compact-CV,ok,,aom_pls,compact,0.0,,,0,,none,1.0,center,,[],0.298542287515988,0.2332707864896311,0.9850369927634312,0.1910032468197337,0.2559337959455767,0.5564174609604573,1.5630220558383925,1.1664824741609032,1.37497799898847,3.1700998079031706e-05,0,AOM_v0/Ridge/0.1.0,13.0,13.0,0.0,0.0,
COLZA,N_woOutlier,regression,Ridge-raw,ok,,superblock,identity,6.07280513835156e-05,5.0,False,0,0.290873438583698,none,1.0,center,,"[""identity""]",0.2746065397067338,0.1988223685829302,0.9650256377972384,0.2263305091990318,0.2380378882249404,,1.2132988198477863,1.1536253398754608,23.62370548900799,0.0117345739854499,0,AOM_v0/Ridge/0.1.0,,,,,
COLZA,N_woOutlier,regression,AOMRidge-global-compact-none,ok,,global,compact,4.6357763836606316e-07,8.0,False,0,0.2798364062780252,none,1.0,center,,"[""sg_d1_w11_p2""]",0.2712105279632771,0.19568189450909,0.9658853326912168,0.2263305091990318,0.2380378882249404,0.9876331723669676,1.198294162475367,1.1393586541441223,266.8393803170184,0.0202112160040996,0,AOM_v0/Ridge/0.1.0,,,,,
COLZA,N_woOutlier,regression,AOMRidgePLS-compact-colscale-cv-relative,ok,,ridge_pls,compact,33573.09081886308,,,0,0.3237334497246252,frobenius,1.0,center,,"[""identity"", ""sg_smooth_w11_p2"", ""sg_smooth_w21_p3"", ""sg_d1_w11_p2"", ""sg_d1_w21_p3"", ""sg_d2_w11_p2"", ""detrend_d1"", ""detrend_d2"", ""fd_d1""]",0.3132454369069285,0.2263495536614807,0.9544909721226532,0.2263305091990318,0.2380378882249404,1.1407063984763768,1.384017727064207,1.315947806640423,109.31277119598236,0.3658646330004558,0,AOM_v0/Ridge/0.1.0,30.0,13.945763565841082,33573.09081886308,2.154434690031882,"{""shrinkage_factors"": [0.9909052779831693, 0.9527486163330384, 0.9641661745376667, 0.975702311824141, 0.9094203533225381, 0.8601999007501611, 0.8514726624904928, 0.8980709823218617, 0.7525708387142132, 0.6092656525735374, 0.4570067732988088, 0.41913638077923887, 0.42191558394273027, 0.27717886731631086, 0.3526878114543446, 0.3889991353875752, 0.2168575785896239, 0.24538558186298307, 0.2588375508146592, 0.19531770721253547, 0.21644049101502918, 0.23344513286874163, 0.21919624290818127, 0.18255983780558496, 0.18763288031233877, 0.1712864807359846, 0.1977986863056313, 0.20703714315109512, 0.1630426181906568, 0.1694783110382075], ""block_importance"": [0.3723803124333734, 0.36970727984933177, 0.3668321970240317, 4.825765250761785, 4.905422216921022, 11.446667308231964, 1.1529256914827448, 2.1695508846085243, 12.183674103117992], ""score_diag"": [3657918.606973808, 676947.7069527723, 903337.506520332, 1348167.0391832883, 337074.09152675717, 206577.602914652, 192466.71694860642, 295804.07363961294, 102114.59710117686, 52349.96928575603, 28256.576970599657, 24225.486520000006, 24503.35941282256, 12874.210319404643, 18292.286371535898, 21374.606906833993, 9296.622149054889, 10917.300580956611, 11724.793411193932, 8149.078439471177, 9273.802663871787, 10224.28397898594, 9425.025563042402, 7497.916420047526, 7754.395246514919, 6939.209316748934, 8278.113169135022, 8765.702894976994, 6540.171276136813, 6851.007991646833], ""alpha_per_component"": [33573.09081886308, 33573.09081886308, 33573.09081886308, 33573.09081886308, 33573.09081886308, 33573.09081886308, 33573.09081886308, 33573.09081886308, 33573.09081886308, 33573.09081886308, 33573.09081886308, 33573.09081886308, 33573.09081886308, 33573.09081886308, 33573.09081886308, 33573.09081886308, 33573.09081886308, 33573.09081886308, 33573.09081886308, 33573.09081886308, 33573.09081886308, 33573.09081886308, 33573.09081886308, 33573.09081886308, 33573.09081886308, 33573.09081886308, 33573.09081886308, 33573.09081886308, 33573.09081886308, 33573.09081886308], ""selection_rule"": ""1se"", ""scoring"": ""rmse_mean"", ""ridge_alpha_mode"": ""relative_to_score_variance""}"
COLZA,N_woOutlier,regression,AOM-PLS-compact-CV,ok,,aom_pls,compact,0.0,,,0,,none,1.0,center,,[],0.2798944173848803,0.2047919560704505,0.9636657228338916,0.2263305091990318,0.2380378882249404,1.0192561971895997,1.236662341172684,1.1758397769030218,22.706042862002505,0.0077535470190923,0,AOM_v0/Ridge/0.1.0,28.0,28.0,0.0,0.0,
ECOSIS_LeafTraits,Chla+b_spxyG_block2deg,regression,Ridge-raw,ok,,superblock,identity,2.9361706883865884e-05,8.0,False,0,26.218789246799115,none,1.0,center,,"[""identity""]",87.00745776365054,46.808077541301095,-46.84537045136915,72.88079011425634,68.48299411322476,,1.1938325260641054,1.2704972802415555,75.24295947799692,0.0116229789855424,0,AOM_v0/Ridge/0.1.0,,,,,
ECOSIS_LeafTraits,Chla+b_spxyG_block2deg,regression,AOMRidge-global-compact-none,ok,,global,compact,2.9361706883865884e-05,8.0,False,0,26.218789246799115,none,1.0,center,,"[""identity""]",87.00745776365054,46.808077541301095,-46.84537045136915,72.88079011425634,68.48299411322476,1.0,1.1938325260641054,1.2704972802415555,751.9995074400213,0.0152773100126069,0,AOM_v0/Ridge/0.1.0,,,,,
ECOSIS_LeafTraits,Chla+b_spxyG_block2deg,regression,AOMRidgePLS-compact-colscale-cv-relative,ok,,ridge_pls,compact,6313.692891842323,,,0,29.299220926922512,frobenius,1.0,center,,"[""identity"", ""sg_smooth_w11_p2"", ""sg_smooth_w21_p3"", ""sg_d1_w11_p2"", ""sg_d1_w21_p3"", ""sg_d2_w11_p2"", ""detrend_d1"", ""detrend_d2"", ""fd_d1""]",42.87306550509666,24.935580555589585,-10.617054794178054,72.88079011425634,68.48299411322476,0.4927516170114778,0.5882629076589853,0.6260395892477113,259.4585693179979,0.1885430830006953,0,AOM_v0/Ridge/0.1.0,30.0,19.088753842329016,6313.692891842323,0.4641588833612777,"{""shrinkage_factors"": [0.9941377401794572, 0.9902970052545068, 0.9674408279833369, 0.9833601816815007, 0.9873280514950635, 0.9737216886845422, 0.9362903989102118, 0.9220599306104673, 0.8186209861249821, 0.8754269977976225, 0.8304541550448592, 0.7790866967662111, 0.757178565979237, 0.6093698129536024, 0.7188918931755975, 0.6549789090933508, 0.7067875035292519, 0.46870894163121657, 0.553800815348735, 0.4402134729662982, 0.47102862270640855, 0.45796607549622526, 0.3985821283159651, 0.3545857988575288, 0.29647767668166225, 0.27818585645424376, 0.19724666694322557, 0.18812044047155463, 0.29412651941838813, 0.18427948177376732], ""block_importance"": [2.019990249222158, 1.4845958388941911, 1.3325247740570458, 5.019866649649669, 5.073627219419632, 14.58328610340128, 2.4083772089533992, 2.4775446045961322, 34.63224330077954], ""score_diag"": [1070692.9709406884, 644381.5880444802, 187600.72509799816, 373119.10925739165, 491927.9855195538, 233948.81165229142, 92787.42819262673, 74693.32880180588, 28495.69743924017, 44368.98136517915, 30925.160667281023, 22266.264944199113, 19687.68922380096, 9849.146287538368, 16146.324228141504, 11985.747514108365, 15219.130462677287, 5569.987046659143, 7836.249799731408, 4965.0581801037315, 5622.100164004017, 5334.457909092193, 4184.320534601595, 3468.696278811537, 2660.7101691184475, 2433.2857428899765, 1551.3543547391985, 1462.9444403125008, 2630.817796730493, 1426.3268217371724], ""alpha_per_component"": [6313.692891842323, 6313.692891842323, 6313.692891842323, 6313.692891842323, 6313.692891842323, 6313.692891842323, 6313.692891842323, 6313.692891842323, 6313.692891842323, 6313.692891842323, 6313.692891842323, 6313.692891842323, 6313.692891842323, 6313.692891842323, 6313.692891842323, 6313.692891842323, 6313.692891842323, 6313.692891842323, 6313.692891842323, 6313.692891842323, 6313.692891842323, 6313.692891842323, 6313.692891842323, 6313.692891842323, 6313.692891842323, 6313.692891842323, 6313.692891842323, 6313.692891842323, 6313.692891842323, 6313.692891842323], ""selection_rule"": ""1se"", ""scoring"": ""rmse_mean"", ""ridge_alpha_mode"": ""relative_to_score_variance""}"
ECOSIS_LeafTraits,Chla+b_spxyG_block2deg,regression,AOM-PLS-compact-CV,ok,,aom_pls,compact,0.0,,,0,,none,1.0,center,,[],91.8257219712489,45.22348507312988,-52.29122041446783,72.88079011425634,68.48299411322476,1.0553776001671813,1.2599441063590595,1.340854370640264,0.527636965009151,0.0009220720094162,0,AOM_v0/Ridge/0.1.0,27.0,27.0,0.0,0.0,
ECOSIS_LeafTraits,Chla+b_spxyG_species,regression,Ridge-raw,ok,,superblock,identity,8.358148957050422e-05,10.0,False,0,24.45890698897344,none,1.0,center,,"[""identity""]",67.51732770989963,33.95521173514333,-18.019401984523185,63.69881633405782,65.10231168682624,,1.0599463474457087,1.0370957030633687,226.42621855501784,0.0088655740255489,0,AOM_v0/Ridge/0.1.0,,,,,
ECOSIS_LeafTraits,Chla+b_spxyG_species,regression,AOMRidge-global-compact-none,ok,,global,compact,8.358148957050422e-05,10.0,False,0,24.45890698897344,none,1.0,center,,"[""identity""]",67.51732770989963,33.95521173514333,-18.019401984523185,63.69881633405782,65.10231168682624,1.0,1.0599463474457087,1.0370957030633687,1563.4191813729994,0.0081311730318702,0,AOM_v0/Ridge/0.1.0,,,,,
ECOSIS_LeafTraits,Chla+b_spxyG_species,regression,AOMRidgePLS-compact-colscale-cv-relative,ok,,ridge_pls,compact,20899.03559130562,,,0,27.518541273133877,frobenius,1.0,center,,"[""identity"", ""sg_smooth_w11_p2"", ""sg_smooth_w21_p3"", ""sg_d1_w11_p2"", ""sg_d1_w21_p3"", ""sg_d2_w11_p2"", ""detrend_d1"", ""detrend_d2"", ""fd_d1""]",42.82036357958402,30.476078093000204,-6.650099235687764,63.69881633405782,65.10231168682624,0.6342129499492253,0.6722316998014495,0.657739525219485,453.5331172730075,0.2014514760230668,0,AOM_v0/Ridge/0.1.0,30.0,15.520386311783744,20899.03559130562,1.0,"{""shrinkage_factors"": [0.9845665887996566, 0.9687536787741166, 0.9769495391270979, 0.9595201218267619, 0.9157397386987485, 0.9324113312843881, 0.826731973688902, 0.6436420713905641, 0.672470156566561, 0.7684477693786169, 0.7893084526103663, 0.5063237979404612, 0.6120506587913795, 0.4888992102382278, 0.5909582925206864, 0.5810775963130463, 0.4403616332638529, 0.493512089109428, 0.2185545720419217, 0.2976035449999155, 0.23956884155069302, 0.2189570824902877, 0.1911138498021692, 0.16402157424806965, 0.1585136301769081, 0.15849902984697828, 0.21441836006615417, 0.1475290033484097, 0.19587282032430844, 0.16400930256506713], ""block_importance"": [1.3761268465087342, 1.0448182639350656, 0.9280562043045214, 3.808441431803441, 3.789878527863935, 9.930848966125488, 1.7405739183310835, 2.08526773967105, 22.90189397842979], ""score_diag"": [1333243.3066305334, 647948.8406186303, 885765.5081911711, 495383.04168832226, 227130.52506465194, 288310.12606922426, 99717.76853724133, 37747.156659437635, 42908.99903608779, 69357.21257880235, 78293.53217059355, 21434.452440157434, 32971.49174661071, 19991.20760524043, 30193.640801266265, 28988.569863481072, 16444.786479347546, 20363.618742453804, 5845.039994260128, 8854.866841620391, 6584.10388699184, 5858.822552956651, 4937.771709937334, 4100.4559595771, 3936.8219350608306, 3936.391024429903, 5704.228193048526, 3616.7962356945586, 5090.6786224762145, 4100.088986790826], ""alpha_per_component"": [20899.03559130562, 20899.03559130562, 20899.03559130562, 20899.03559130562, 20899.03559130562, 20899.03559130562, 20899.03559130562, 20899.03559130562, 20899.03559130562, 20899.03559130562, 20899.03559130562, 20899.03559130562, 20899.03559130562, 20899.03559130562, 20899.03559130562, 20899.03559130562, 20899.03559130562, 20899.03559130562, 20899.03559130562, 20899.03559130562, 20899.03559130562, 20899.03559130562, 20899.03559130562, 20899.03559130562, 20899.03559130562, 20899.03559130562, 20899.03559130562, 20899.03559130562, 20899.03559130562, 20899.03559130562], ""selection_rule"": ""1se"", ""scoring"": ""rmse_mean"", ""ridge_alpha_mode"": ""relative_to_score_variance""}"
ECOSIS_LeafTraits,Chla+b_spxyG_species,regression,AOM-PLS-compact-CV,ok,,aom_pls,compact,0.0,,,0,,none,1.0,center,,[],73.5997860640477,34.90264995864337,-21.600574124807675,63.69881633405782,65.10231168682624,1.0900873680943424,1.155434124208304,1.1305249254142993,16.676587257999927,0.0035609750193543,0,AOM_v0/Ridge/0.1.0,25.0,25.0,0.0,0.0,
GRAPEVINES,grapevine_chloride_556_KS,regression,Ridge-raw,ok,,superblock,identity,35.6647702834216,15.0,False,0,1072.3539169828148,none,1.0,center,,"[""identity""]",1000.9793730408384,783.7509459446527,0.5516183375377814,914.9612915669088,915.735138197346,,1.0940128093578911,1.093088308275795,0.8978381849592552,0.0001504219835624,0,AOM_v0/Ridge/0.1.0,,,,,
GRAPEVINES,grapevine_chloride_556_KS,regression,AOMRidge-global-compact-none,ok,,global,compact,6.492586235702428,12.0,False,0,1024.9368879691333,none,1.0,center,,"[""sg_smooth_w21_p3""]",964.1126003431344,759.6647979518447,0.5840385300661174,914.9612915669088,915.735138197346,0.9631692982986174,1.0537195499189391,1.0528290988604203,52.05341476295144,0.000150908017531,0,AOM_v0/Ridge/0.1.0,,,,,
GRAPEVINES,grapevine_chloride_556_KS,regression,AOMRidgePLS-compact-colscale-cv-relative,ok,,ridge_pls,compact,14797.091901989375,,,0,1055.8148190961117,frobenius,1.0,center,,"[""identity"", ""sg_smooth_w11_p2"", ""sg_smooth_w21_p3"", ""sg_d1_w11_p2"", ""sg_d1_w21_p3"", ""sg_d2_w11_p2"", ""detrend_d1"", ""detrend_d2"", ""fd_d1""]",965.324750663656,761.4241780967346,0.5829919203822747,914.9612915669088,915.735138197346,0.9643802626333162,1.055044360412775,1.0541527898164185,110.32667013601169,0.2319815169903449,0,AOM_v0/Ridge/0.1.0,7.0,6.070426298493692,14797.091901989375,0.1,"{""shrinkage_factors"": [0.9743908425665746, 0.9090909090909092, 0.9553453679143372, 0.9713922822163302, 0.691595649540675, 0.7473774008663497, 0.8212338462985157], ""block_importance"": [0.46730517538865135, 0.47884910046283735, 0.4895062191675195, 2.3737669821039256, 2.448505753443908, 2.8112530007890775, 0.44787057171131206, 0.8534003037251103, 2.3798533517171085], ""score_diag"": [563007.6226988939, 147970.91901989374, 316570.36564650235, 502444.1649463988, 33182.425507383035, 43776.8122250953, 67976.36154881625], ""alpha_per_component"": [14797.091901989375, 14797.091901989375, 14797.091901989375, 14797.091901989375, 14797.091901989375, 14797.091901989375, 14797.091901989375], ""selection_rule"": ""1se"", ""scoring"": ""rmse_mean"", ""ridge_alpha_mode"": ""relative_to_score_variance""}"
GRAPEVINES,grapevine_chloride_556_KS,regression,AOM-PLS-compact-CV,ok,,aom_pls,compact,0.0,,,0,,none,1.0,center,,[],978.0940363388556,763.2526448928079,0.5718866129337169,914.9612915669088,915.735138197346,0.9771370546503269,1.069000454285699,1.0680970900213187,5.682553145976272,0.0056631029583513,0,AOM_v0/Ridge/0.1.0,18.0,18.0,0.0,0.0,
GRAPEVINE_LeafTraits,An_spxyG70_30_byCultivar_NeoSpectra,regression,Ridge-raw,ok,,superblock,identity,0.0019704316211466,15.0,False,0,3.5103674458552803,none,1.0,center,,"[""identity""]",4.761344786267085,3.864539556291749,-0.2528926561823224,4.802865456056688,4.927187099416517,,0.9913550212535636,0.9663413810348156,0.0422591189853847,1.5046971384435892e-05,0,AOM_v0/Ridge/0.1.0,,,,,
GRAPEVINE_LeafTraits,An_spxyG70_30_byCultivar_NeoSpectra,regression,AOMRidge-global-compact-none,ok,,global,compact,5.460116051749338e-06,17.0,False,0,3.343517741897361,none,1.0,center,,"[""sg_d1_w21_p3""]",4.686971712244227,3.735747983085248,-0.2140575259542778,4.802865456056688,4.927187099416517,0.984379817601664,0.9758698750000768,0.951246952403992,1.4350669030100107,1.1308002285659312e-05,0,AOM_v0/Ridge/0.1.0,,,,,
GRAPEVINE_LeafTraits,An_spxyG70_30_byCultivar_NeoSpectra,regression,AOMRidgePLS-compact-colscale-cv-relative,ok,,ridge_pls,compact,6080.435145485707,,,0,3.233907544097838,frobenius,1.0,center,,"[""identity"", ""sg_smooth_w11_p2"", ""sg_smooth_w21_p3"", ""sg_d1_w11_p2"", ""sg_d1_w21_p3"", ""sg_d2_w11_p2"", ""detrend_d1"", ""detrend_d2"", ""fd_d1""]",4.49712181369951,3.5057858766020047,-0.1176965327186465,4.802865456056688,4.927187099416517,0.9445066500267614,0.9363414101114124,0.912715860583428,26.255920650961343,0.0992288520210422,0,AOM_v0/Ridge/0.1.0,7.0,3.3454410363711555,6080.435145485707,1.0,"{""shrinkage_factors"": [0.8680213551854089, 0.585385120586223, 0.619450726421797, 0.5, 0.35640321092817684, 0.21005390736858895, 0.20612671588096065], ""block_importance"": [0.1481806774599748, 0.14789457803570416, 0.14589400362372706, 0.9791139391129864, 0.9926250097394113, 2.109932138421719, 0.45603621386854437, 0.5693008860109261, 1.2212113477481803], ""score_diag"": [39990.92097449682, 8584.82518979898, 9897.61439409954, 6080.435145485707, 3367.149504920546, 1616.8434437797998, 1578.7659727798634], ""alpha_per_component"": [6080.435145485707, 6080.435145485707, 6080.435145485707, 6080.435145485707, 6080.435145485707, 6080.435145485707, 6080.435145485707], ""selection_rule"": ""1se"", ""scoring"": ""rmse_mean"", ""ridge_alpha_mode"": ""relative_to_score_variance""}"
GRAPEVINE_LeafTraits,An_spxyG70_30_byCultivar_NeoSpectra,regression,AOM-PLS-compact-CV,ok,,aom_pls,compact,0.0,,,0,,none,1.0,center,,[],5.197543888046769,4.360658903728828,-0.4929694846963575,4.802865456056688,4.927187099416517,1.0916125845449782,1.0821756169522443,1.0548704125041788,0.9134789609815924,2.616900019347668e-05,0,AOM_v0/Ridge/0.1.0,8.0,8.0,0.0,0.0,
IncombustibleMaterial,TIC_spxy70,regression,Ridge-raw,ok,,superblock,identity,40.14438387868877,27.0,False,0,7.068592537278189,none,1.0,center,,"[""identity""]",4.89105036005985,4.159840746018889,0.4818336997750329,2.506867785916912,2.787786960121247,,1.9510603580838224,1.7544562873796954,0.0240857099997811,1.0342977475374935e-05,0,AOM_v0/Ridge/0.1.0,,,,,
IncombustibleMaterial,TIC_spxy70,regression,AOMRidge-global-compact-none,ok,,global,compact,0.0552389472722397,16.0,False,0,5.842935478306027,none,1.0,center,,"[""sg_smooth_w21_p3""]",3.862175097180873,3.2429788605873022,0.6769060587936748,2.506867785916912,2.787786960121247,0.7896412453078101,1.5406377308280117,1.3853910476046198,1.2007263720151968,9.9909957498312e-06,0,AOM_v0/Ridge/0.1.0,,,,,
IncombustibleMaterial,TIC_spxy70,regression,AOMRidgePLS-compact-colscale-cv-relative,ok,,ridge_pls,compact,3263.8464587295844,,,0,5.149674577068314,frobenius,1.0,center,,"[""identity"", ""sg_smooth_w11_p2"", ""sg_smooth_w21_p3"", ""sg_d1_w11_p2"", ""sg_d1_w21_p3"", ""sg_d2_w11_p2"", ""detrend_d1"", ""detrend_d2"", ""fd_d1""]",3.325842911027153,2.733543892121722,0.7604101804945893,2.506867785916912,2.787786960121247,0.6799854154407962,1.3266925881416969,1.1930046874465992,6.178259719978087,0.0627424620324745,0,AOM_v0/Ridge/0.1.0,10.0,4.461380477558447,3263.8464587295844,2.154434690031882,"{""shrinkage_factors"": [0.9167193925926835, 0.6126265599367566, 0.8397707591271559, 0.586169877192488, 0.33309404907382445, 0.18745803116576681, 0.3001393941717212, 0.23862236001438455, 0.19563483854196093, 0.2511452157417049], ""block_importance"": [0.39322163688541595, 0.3460960538352298, 0.3269920893310127, 1.291479666119995, 1.2699019260960134, 1.681101040428413, 0.43817582466333416, 0.32927184845009816, 2.1061214941339426], ""score_diag"": [35927.107598155024, 5161.73496006031, 17106.00888696062, 4623.076891815691, 1630.1666389146474, 752.9878512719981, 1399.720016578525, 1022.9178055732752, 793.8211468804677, 1094.6039743036615], ""alpha_per_component"": [3263.8464587295844, 3263.8464587295844, 3263.8464587295844, 3263.8464587295844, 3263.8464587295844, 3263.8464587295844, 3263.8464587295844, 3263.8464587295844, 3263.8464587295844, 3263.8464587295844], ""selection_rule"": ""1se"", ""scoring"": ""rmse_mean"", ""ridge_alpha_mode"": ""relative_to_score_variance""}"
IncombustibleMaterial,TIC_spxy70,regression,AOM-PLS-compact-CV,ok,,aom_pls,compact,0.0,,,0,,none,1.0,center,,[],3.788055843147292,2.8915839949421653,0.6891880980410439,2.506867785916912,2.787786960121247,0.7744871886988581,1.5110712517141274,1.3588039177077365,0.8018394259852357,2.9516988433897492e-05,0,AOM_v0/Ridge/0.1.0,6.0,6.0,0.0,0.0,
MANURE21,All_manure_MgO_SPXY_strat_Manure_type,regression,Ridge-raw,ok,,superblock,identity,0.001315776077558,7.0,False,0,1.0891361996152624,none,1.0,center,,"[""identity""]",0.7735705253285656,0.5513891577143132,0.8926906394664974,0.7736696013360851,0.7826806868853714,,0.9998719401572088,0.9883603087319568,4.401902448968031,0.000114205002319,0,AOM_v0/Ridge/0.1.0,,,,,
MANURE21,All_manure_MgO_SPXY_strat_Manure_type,regression,AOMRidge-global-compact-none,ok,,global,compact,0.0007476231446996,6.0,False,0,1.082261555664454,none,1.0,center,,"[""sg_smooth_w11_p2""]",0.7376199328405435,0.5128020107963946,0.9024329739052456,0.7736696013360851,0.7826806868853714,0.9535264189742072,0.953404310530896,0.9424276658414248,93.7989785579848,7.968302816152573e-05,0,AOM_v0/Ridge/0.1.0,,,,,
MANURE21,All_manure_MgO_SPXY_strat_Manure_type,regression,AOMRidgePLS-compact-colscale-cv-relative,ok,,ridge_pls,compact,22493.166294498584,,,0,1.2738483317901088,frobenius,1.0,center,,"[""identity"", ""sg_smooth_w11_p2"", ""sg_smooth_w21_p3"", ""sg_d1_w11_p2"", ""sg_d1_w21_p3"", ""sg_d2_w11_p2"", ""detrend_d1"", ""detrend_d2"", ""fd_d1""]",0.8745998053916856,0.6257918993339151,0.8628308233187525,0.7736696013360851,0.7826806868853714,1.1306012532214935,1.1304564686027467,1.1174414036867328,96.10892134299502,0.2038714690133929,0,AOM_v0/Ridge/0.1.0,7.0,5.217032247320291,22493.166294498584,0.2154434690031882,"{""shrinkage_factors"": [0.9859501900398239, 0.9334563335782501, 0.8227449696365737, 0.7115998374066032, 0.8925882535334557, 0.6014203540052977, 0.26927230912028666], ""block_importance"": [0.26960037231830053, 0.2695680240149842, 0.2695449549098456, 1.2063926232492612, 1.2261676975955447, 1.3368957010031008, 0.7637665916864029, 0.6710878948929658, 1.2537041074403494], ""score_diag"": [1578465.5910306931, 315527.9783767044, 104404.02950514003, 55499.73805143533, 186917.508370442, 33940.13761484744, 8288.705769798527], ""alpha_per_component"": [22493.166294498584, 22493.166294498584, 22493.166294498584, 22493.166294498584, 22493.166294498584, 22493.166294498584, 22493.166294498584], ""selection_rule"": ""1se"", ""scoring"": ""rmse_mean"", ""ridge_alpha_mode"": ""relative_to_score_variance""}"
MANURE21,All_manure_MgO_SPXY_strat_Manure_type,regression,AOM-PLS-compact-CV,ok,,aom_pls,compact,0.0,,,0,,none,1.0,center,,[],0.8038818165706837,0.5750532979829237,0.8841163436297655,0.7736696013360851,0.7826806868853714,1.039183617071299,1.0390505393806655,1.0270878405977806,6.729663546022493,0.0003154770238325,0,AOM_v0/Ridge/0.1.0,11.0,11.0,0.0,0.0,
MANURE21,All_manure_Total_N_SPXY_strat_Manure_type,regression,Ridge-raw,ok,,superblock,identity,0.0022577774989742,8.0,False,0,2.281706843102837,none,1.0,center,,"[""identity""]",1.690774503875213,1.2916673501470697,0.9438012257218542,1.7064692893113451,1.7584969529696053,,0.9908027729919092,0.9614884467214868,5.265731454011984,7.916399044916034e-05,0,AOM_v0/Ridge/0.1.0,,,,,
MANURE21,All_manure_Total_N_SPXY_strat_Manure_type,regression,AOMRidge-global-compact-none,ok,,global,compact,0.0007289191187261,6.0,False,0,2.1610396171289072,none,1.0,center,,"[""sg_smooth_w21_p3""]",1.6782987736224555,1.2585836995217483,0.9446275145787304,1.7064692893113451,1.7584969529696053,0.9926212926536548,0.9834919292920544,0.9543939048562368,82.72750464599812,8.148502092808485e-05,0,AOM_v0/Ridge/0.1.0,,,,,
MANURE21,All_manure_Total_N_SPXY_strat_Manure_type,regression,AOMRidgePLS-compact-colscale-cv-relative,ok,,ridge_pls,compact,19799.74553611861,,,0,2.441874810242309,frobenius,1.0,center,,"[""identity"", ""sg_smooth_w11_p2"", ""sg_smooth_w21_p3"", ""sg_d1_w11_p2"", ""sg_d1_w21_p3"", ""sg_d2_w11_p2"", ""detrend_d1"", ""detrend_d2"", ""fd_d1""]",1.7601385823246185,1.3553149245290184,0.9390955271435194,1.7064692893113451,1.7584969529696053,1.04102503219112,1.031450488648953,1.0009335411996256,69.36944425600814,0.152203211968299,0,AOM_v0/Ridge/0.1.0,5.0,4.487744112365506,19799.74553611861,0.1,"{""shrinkage_factors"": [0.9879002936887343, 0.9075163346085229, 0.9145583166260666, 0.768678258351273, 0.9090909090909091], ""block_importance"": [0.3045101999780903, 0.30450999826575975, 0.30449450696125624, 0.9300759404703653, 0.9417181421491719, 0.6594824287813403, 0.6368017693540654, 0.6465293633013067, 0.7320794638887304], ""score_diag"": [1616582.5786929815, 194289.3636304311, 211934.28350291058, 65794.2215289637, 197997.45536118612], ""alpha_per_component"": [19799.745536118615, 19799.745536118615, 19799.745536118615, 19799.745536118615, 19799.745536118615], ""selection_rule"": ""1se"", ""scoring"": ""rmse_mean"", ""ridge_alpha_mode"": ""relative_to_score_variance""}"
MANURE21,All_manure_Total_N_SPXY_strat_Manure_type,regression,AOM-PLS-compact-CV,ok,,aom_pls,compact,0.0,,,0,,none,1.0,center,,[],1.7288448293595478,1.301071036934374,0.9412419338544415,1.7064692893113451,1.7584969529696053,1.0225165008089951,1.013112184431536,0.9831378021099306,3.987985079991631,0.0002330639981664,0,AOM_v0/Ridge/0.1.0,14.0,14.0,0.0,0.0,
BEER,Beer_OriginalExtract_60_YbaseSplit,regression,AOMRidgePLS-compact-Hmax-relative-emsc2,ok,,ridge_pls,compact,1715810.625353559,,,0,2.393364011271196,frobenius,1.0,center,,"[""identity"", ""sg_smooth_w11_p2"", ""sg_smooth_w21_p3"", ""sg_d1_w11_p2"", ""sg_d1_w21_p3"", ""sg_d2_w11_p2"", ""detrend_d1"", ""detrend_d2"", ""fd_d1""]",2.4411742630816247,1.5489497426583267,-0.0004715397163062,0.1910032468197337,0.2559337959455767,,12.780799822662551,9.53830366193893,16.44850507803494,0.0208794830250553,0,AOM_v0/Ridge/0.1.0,2.0,0.0001999617355835,1715810.625353559,10000.0,"{""shrinkage_factors"": [0.00019554390982284828, 4.417825760655106e-06], ""block_importance"": [2.1927319147073944e-05, 2.3095699632811004e-05, 2.4900318136218767e-05, 2.1603963205828776e-05, 2.1938457335533107e-05, 2.0926723912905538e-05, 2.1930662792202424e-05, 2.1934824844421946e-05, 2.1786764406683873e-05], ""score_diag"": [335.58193920167867, 7.5801858690331025], ""alpha_per_component"": [1715810.625353559, 1715810.625353559], ""selection_rule"": ""1se"", ""scoring"": ""rmse_mean"", ""ridge_alpha_mode"": ""relative_to_score_variance""}"
BEER,Beer_OriginalExtract_60_YbaseSplit,regression,AOMRidge-global-compact-none-snv,ok,,global,compact,0.0009137750471393,18.0,False,0,0.2371437125078102,none,1.0,center,,"[""sg_smooth_w21_p3""]",0.2675316889550252,0.216052441455628,0.98798406317782,0.1910032468197337,0.2559337959455767,,1.400665660974434,1.045315988717312,0.6407155670458451,1.2963020708411932e-05,0,AOM_v0/Ridge/0.1.0,,,,,
BEER,Beer_OriginalExtract_60_YbaseSplit,regression,AOMRidge-global-compact-none-msc,ok,,global,compact,0.0007630991786416,18.0,False,0,0.2370155366968237,none,1.0,center,,"[""sg_smooth_w21_p3""]",0.2681991704357045,0.216636756622636,0.9879240297615908,0.1910032468197337,0.2559337959455767,,1.4041602690075072,1.047924012711225,0.6057790699996985,1.4140969142317772e-05,0,AOM_v0/Ridge/0.1.0,,,,,
BEER,Beer_OriginalExtract_60_YbaseSplit,regression,AOMRidge-global-compact-none-asls,ok,,global,compact,0.0045057783393963,21.0,False,0,0.3080182211983633,none,1.0,center,,"[""sg_smooth_w21_p3""]",0.2552251667521972,0.2030669764497216,0.9890641091714728,0.1910032468197337,0.2559337959455767,,1.3362347028219643,0.9972312011754392,0.552814133989159,1.0028015822172163e-05,0,AOM_v0/Ridge/0.1.0,,,,,
COLZA,N_woOutlier,regression,AOMRidgePLS-compact-Hmax-relative-emsc2,ok,,ridge_pls,compact,52978656.45151459,,,0,1.4662531496556452,frobenius,1.0,center,,"[""identity"", ""sg_smooth_w11_p2"", ""sg_smooth_w21_p3"", ""sg_d1_w11_p2"", ""sg_d1_w21_p3"", ""sg_d2_w11_p2"", ""detrend_d1"", ""detrend_d2"", ""fd_d1""]",1.4684753393243777,1.2385147033094672,-0.0001413134819607,0.2263305091990318,0.2380378882249404,,6.488189968383898,6.169082368671923,80.72463725798298,0.3575272029847838,0,AOM_v0/Ridge/0.1.0,2.0,0.0001999609903017,52978656.45151459,10000.0,"{""shrinkage_factors"": [0.00019747356480394391, 2.4874254977963716e-06], ""block_importance"": [2.1471685336937847e-05, 2.1414081153616035e-05, 2.121764963904054e-05, 2.2832999517206514e-05, 2.280653460323455e-05, 2.3248332945735223e-05, 2.183650870099739e-05, 2.2330553175929682e-05, 2.281776450408948e-05], ""score_diag"": [10463.950501611533, 131.78078869138554], ""alpha_per_component"": [52978656.45151459, 52978656.45151459], ""selection_rule"": ""1se"", ""scoring"": ""rmse_mean"", ""ridge_alpha_mode"": ""relative_to_score_variance""}"
COLZA,N_woOutlier,regression,AOMRidge-global-compact-none-snv,ok,,global,compact,2.9575321853603333e-05,10.0,False,0,0.2301842885763733,none,1.0,center,,"[""sg_d1_w21_p3""]",0.2207385960309347,0.1588614638054329,0.9774012403104816,0.2263305091990318,0.2380378882249404,,0.975293153415832,0.927325467710173,148.96922037599143,0.0158543600118719,0,AOM_v0/Ridge/0.1.0,,,,,
COLZA,N_woOutlier,regression,AOMRidge-global-compact-none-msc,ok,,global,compact,1.3509285726240655e-05,6.0,False,0,0.2265889252364541,none,1.0,center,,"[""sg_smooth_w21_p3""]",0.2247660862761514,0.1616339649684907,0.9765690650087824,0.2263305091990318,0.2380378882249404,,0.9930878831651254,0.944245002139124,176.2791765209986,0.0079266930115409,0,AOM_v0/Ridge/0.1.0,,,,,
COLZA,N_woOutlier,regression,AOMRidge-global-compact-none-asls,ok,,global,compact,6.997807132867411e-07,9.0,False,0,0.2861738471643562,none,1.0,center,,"[""sg_d1_w21_p3""]",0.2679449673112012,0.1939412422181385,0.9667019147664968,0.2263305091990318,0.2380378882249404,,1.1838658794143138,1.125639994999449,121.0240510260337,0.0158382770023308,0,AOM_v0/Ridge/0.1.0,,,,,
ECOSIS_LeafTraits,Chla+b_spxyG_block2deg,regression,AOMRidgePLS-compact-Hmax-relative-emsc2,ok,,ridge_pls,compact,147060.57568081748,,,0,65.10872545077292,frobenius,1.0,center,,"[""identity"", ""sg_smooth_w11_p2"", ""sg_smooth_w21_p3"", ""sg_d1_w11_p2"", ""sg_d1_w21_p3"", ""sg_d2_w11_p2"", ""detrend_d1"", ""detrend_d2"", ""fd_d1""]",14.040389401962695,11.573471839758623,-0.2459059748588681,72.88079011425634,68.48299411322476,,0.192648699059812,0.2050200868663736,201.11901990597835,0.1478819499607198,0,AOM_v0/Ridge/0.1.0,20.0,0.1273711752735183,147060.57568081748,10000.0,"{""shrinkage_factors"": [0.08093137139729126, 0.0025221598278452307, 0.03207667624533759, 0.007134962762967695, 0.0017740648406602535, 0.0011998547045724828, 0.00030506820317751434, 0.00044265387470025075, 0.0005852620927844212, 0.0001238937913850698, 7.608506766341522e-05, 6.47479565989151e-05, 2.8286761466698052e-05, 2.3333019054381826e-05, 1.5083069710071203e-05, 2.1936819960686424e-05, 1.7598872982157842e-05, 1.1412452262460328e-05, 1.099061830548617e-05, 5.732894792328833e-06], ""block_importance"": [0.0203967556737029, 0.02036850702785521, 0.01979009210400672, 0.0256777022442261, 0.026300964252366898, 0.022017517830192086, 0.01986913969260322, 0.018939912302766964, 0.020779501204471498], ""score_diag"": [12949.864349540938, 371.8481366743302, 4873.541487013708, 1056.8120459787392, 261.358663979162, 176.66329387204416, 44.8771961868022, 65.12576181157202, 86.11938269918483, 18.222149895605224, 11.189965240558273, 9.522488333254355, 4.159985097944751, 3.4314472805336558, 2.218158371234313, 3.2261121426662402, 2.5881459405413842, 1.6783409536332772, 1.6163044192778644, 0.8430876418101899], ""alpha_per_component"": [147060.57568081748, 147060.57568081748, 147060.57568081748, 147060.57568081748, 147060.57568081748, 147060.57568081748, 147060.57568081748, 147060.57568081748, 147060.57568081748, 147060.57568081748, 147060.57568081748, 147060.57568081748, 147060.57568081748, 147060.57568081748, 147060.57568081748, 147060.57568081748, 147060.57568081748, 147060.57568081748, 147060.57568081748, 147060.57568081748], ""selection_rule"": ""1se"", ""scoring"": ""rmse_mean"", ""ridge_alpha_mode"": ""relative_to_score_variance""}"
ECOSIS_LeafTraits,Chla+b_spxyG_block2deg,regression,AOMRidge-global-compact-none-snv,ok,,global,compact,0.0031942823911056,12.0,False,0,20.371363709669478,none,1.0,center,,"[""identity""]",78.46838165046832,42.61943090185507,-37.9149390194718,72.88079011425634,68.48299411322476,,1.0766675488486366,1.1458082793625295,434.8320899179671,0.004631221992895,0,AOM_v0/Ridge/0.1.0,,,,,
ECOSIS_LeafTraits,Chla+b_spxyG_block2deg,regression,AOMRidge-global-compact-none-msc,ok,,global,compact,7.882623293118956e-07,6.0,False,1,21.310157643669545,none,1.0,center,,"[""sg_smooth_w11_p2""]",101.92053232246444,47.48615372224817,-64.65235805225937,72.88079011425634,68.48299411322476,,1.3984553702379192,1.488260460019556,825.6943787169876,0.0002094359952025,0,AOM_v0/Ridge/0.1.0,,,,,
ECOSIS_LeafTraits,Chla+b_spxyG_block2deg,regression,AOMRidge-global-compact-none-asls,ok,,global,compact,3.3269640029230314e-05,9.0,False,0,25.324477381362783,none,1.0,center,,"[""identity""]",82.80421028952325,43.88882223703735,-42.33430164311738,72.88079011425634,68.48299411322476,,1.1361596129749665,1.2091207658447416,405.3561667139875,0.0049238959909416,0,AOM_v0/Ridge/0.1.0,,,,,
ECOSIS_LeafTraits,Chla+b_spxyG_species,regression,AOMRidgePLS-compact-Hmax-relative-emsc2,ok,,ridge_pls,compact,30446.23207412001,,,0,57.18615753180685,frobenius,1.0,center,,"[""identity"", ""sg_smooth_w11_p2"", ""sg_smooth_w21_p3"", ""sg_d1_w11_p2"", ""sg_d1_w21_p3"", ""sg_d2_w11_p2"", ""detrend_d1"", ""detrend_d2"", ""fd_d1""]",15.64473818957861,12.711391959939434,-0.0211815679215412,63.69881633405782,65.10231168682624,,0.2456048493512405,0.2403100256230133,270.43180380301783,0.1545095659676008,0,AOM_v0/Ridge/0.1.0,20.0,0.4980109173653753,30446.23207412001,10000.0,"{""shrinkage_factors"": [0.3724639054106713, 0.05335744028383613, 0.05964483019553289, 0.001990030878612376, 0.007973356246987735, 0.001182058530477918, 0.0004890170269683282, 0.00024797004562227053, 0.0002872276988873703, 0.00011849932672098966, 3.840883262746018e-05, 2.563422273193589e-05, 5.438902104153417e-05, 8.14799899946432e-05, 1.5573756333572863e-05, 8.414855882357743e-06, 8.487973028281758e-06, 7.196984321738415e-06, 1.2330526536171149e-05, 4.665558560290136e-06], ""block_importance"": [0.07345932617501044, 0.07589430148929431, 0.07856271660740931, 0.06914093935302872, 0.07137943990945103, 0.05315072400296057, 0.07118602855883846, 0.06688884094600174, 0.052641789033870935], ""score_diag"": [18070.86891278751, 1716.0996968589345, 1931.1430409132297, 60.70975625447678, 244.70981322338704, 36.031820064399724, 14.896010293941556, 7.5516261335226265, 8.747513706673292, 3.6082855813862333, 1.1694491490483174, 0.7804855014753866, 1.6560308268102304, 2.4809608334377686, 0.4741695841993208, 0.2562028109742688, 0.2584289901962361, 0.2191226319155974, 0.3754227016759472, 0.14204934142151157], ""alpha_per_component"": [30446.23207412001, 30446.23207412001, 30446.23207412001, 30446.23207412001, 30446.23207412001, 30446.23207412001, 30446.23207412001, 30446.23207412001, 30446.23207412001, 30446.23207412001, 30446.23207412001, 30446.23207412001, 30446.23207412001, 30446.23207412001, 30446.23207412001, 30446.23207412001, 30446.23207412001, 30446.23207412001, 30446.23207412001, 30446.23207412001], ""selection_rule"": ""1se"", ""scoring"": ""rmse_mean"", ""ridge_alpha_mode"": ""relative_to_score_variance""}"
ECOSIS_LeafTraits,Chla+b_spxyG_species,regression,AOMRidge-global-compact-none-snv,ok,,global,compact,5.208084359344659e-06,12.0,False,0,19.5872754921859,none,1.0,center,,"[""sg_d2_w11_p2""]",66.43749383961632,32.781129879927754,-17.415895885432445,63.69881633405782,65.10231168682624,,1.0429941663467648,1.0205089822188336,799.3536617479986,0.0035502850078046,0,AOM_v0/Ridge/0.1.0,,,,,
ECOSIS_LeafTraits,Chla+b_spxyG_species,regression,AOMRidge-global-compact-none-msc,ok,,global,compact,0.0002553375542084,9.0,False,0,19.75641237022352,none,1.0,center,,"[""identity""]",59.96029761801194,37.96761256052132,-14.00009216454862,63.69881633405782,65.10231168682624,,0.941309447628668,0.9210164134639351,952.4105632260324,0.0076208069804124,0,AOM_v0/Ridge/0.1.0,,,,,
ECOSIS_LeafTraits,Chla+b_spxyG_species,regression,AOMRidge-global-compact-none-asls,ok,,global,compact,5.2677564245306535e-05,10.0,False,0,23.74191216299373,none,1.0,center,,"[""identity""]",73.76989621186833,36.27182556262991,-21.70516763467799,63.69881633405782,65.10231168682624,,1.1581046628087155,1.133137891734742,1713.5005854290212,0.0151862140046432,0,AOM_v0/Ridge/0.1.0,,,,,
GRAPEVINES,grapevine_chloride_556_KS,regression,AOMRidgePLS-compact-Hmax-relative-emsc2,ok,,ridge_pls,compact,463200.283402063,,,0,1542.4215385905272,frobenius,1.0,center,,"[""identity"", ""sg_smooth_w11_p2"", ""sg_smooth_w21_p3"", ""sg_d1_w11_p2"", ""sg_d1_w21_p3"", ""sg_d2_w11_p2"", ""detrend_d1"", ""detrend_d2"", ""fd_d1""]",1505.214958768834,1324.3660593915847,-0.0138988673464905,914.9612915669088,915.735138197346,,1.6451132661482228,1.6437230548255446,66.95654342300259,0.2439357020193711,0,AOM_v0/Ridge/0.1.0,5.0,0.0059327784959023,463200.283402063,10000.0,"{""shrinkage_factors"": [0.004495628327509236, 0.0012836192292912966, 9.99900009999e-05, 4.7106178738498434e-05, 6.434759363392355e-06], ""block_importance"": [0.0007121846000351753, 0.000710631698424868, 0.0007096248712566515, 0.0006639888444125807, 0.000664447940804061, 0.0006885323379501497, 0.0007103432547845065, 0.000707390258963477, 0.000646505245618363], ""score_diag"": [2091.7801816119977, 595.3369767793685, 46.3200283402063, 21.820623227838666, 2.9806015402010866], ""alpha_per_component"": [463200.283402063, 463200.283402063, 463200.283402063, 463200.283402063, 463200.283402063], ""selection_rule"": ""1se"", ""scoring"": ""rmse_mean"", ""ridge_alpha_mode"": ""relative_to_score_variance""}"
GRAPEVINES,grapevine_chloride_556_KS,regression,AOMRidge-global-compact-none-snv,ok,,global,compact,0.0296778294562855,16.0,False,0,1028.9913680078444,none,1.0,center,,"[""sg_smooth_w21_p3""]",950.5059950926732,731.3799896771325,0.5956966802182857,914.9612915669088,915.735138197346,,1.0388483139706297,1.0379704299255943,97.98975920502562,9.322201367467642e-05,0,AOM_v0/Ridge/0.1.0,,,,,
GRAPEVINES,grapevine_chloride_556_KS,regression,AOMRidge-global-compact-none-msc,ok,,global,compact,2.9756729288789305,14.0,False,0,992.573983568807,none,1.0,center,,"[""sg_smooth_w21_p3""]",933.6414866583372,738.6769762243347,0.609916240532052,914.9612915669088,915.735138197346,,1.0204163774616497,1.019554069418195,86.70815043500625,0.0002338580088689,0,AOM_v0/Ridge/0.1.0,,,,,
GRAPEVINES,grapevine_chloride_556_KS,regression,AOMRidge-global-compact-none-asls,ok,,global,compact,9.841039033410828,15.0,False,0,1046.556267366724,none,1.0,center,,"[""sg_smooth_w21_p3""]",956.9495075065956,745.3363539801558,0.5901965284726078,914.9612915669088,915.735138197346,,1.045890701963774,1.04500686671299,87.12131885200506,9.686703560873866e-05,0,AOM_v0/Ridge/0.1.0,,,,,
GRAPEVINE_LeafTraits,An_spxyG70_30_byCultivar_NeoSpectra,regression,AOMRidgePLS-compact-Hmax-relative-emsc2,ok,,ridge_pls,compact,2290694.71387246,,,0,3.666195507236056,frobenius,1.0,center,,"[""identity"", ""sg_smooth_w11_p2"", ""sg_smooth_w21_p3"", ""sg_d1_w11_p2"", ""sg_d1_w21_p3"", ""sg_d2_w11_p2"", ""detrend_d1"", ""detrend_d2"", ""fd_d1""]",4.406698855165589,3.255942574028005,-0.0732016857344652,4.802865456056688,4.927187099416517,,0.9175145328313308,0.8943640187090591,5.152385204040911,0.0060912150074727,0,AOM_v0/Ridge/0.1.0,2.0,0.0001999719627147,2290694.71387246,10000.0,"{""shrinkage_factors"": [0.00016338346258633525, 3.6588500128396626e-05], ""block_importance"": [2.6853761737496127e-05, 2.745784351421315e-05, 2.8067624404081683e-05, 2.004434440111956e-05, 1.9566966520096625e-05, 1.770592211918233e-05, 2.811893894807107e-05, 2.9994447171521896e-05, 1.6193628921293617e-05], ""score_diag"": [374.32279223461734, 83.81615053987477], ""alpha_per_component"": [2290694.71387246, 2290694.71387246], ""selection_rule"": ""1se"", ""scoring"": ""rmse_mean"", ""ridge_alpha_mode"": ""relative_to_score_variance""}"
GRAPEVINE_LeafTraits,An_spxyG70_30_byCultivar_NeoSpectra,regression,AOMRidge-global-compact-none-snv,ok,,global,compact,0.0158215750133039,19.0,False,0,3.238580950107075,none,1.0,center,,"[""sg_smooth_w11_p2""]",4.820814337770996,3.868025277993901,-0.28438555534094,4.802865456056688,4.927187099416517,,1.0037371194089295,0.978411056958215,0.5545730909798294,1.368700759485364e-05,0,AOM_v0/Ridge/0.1.0,,,,,
GRAPEVINE_LeafTraits,An_spxyG70_30_byCultivar_NeoSpectra,regression,AOMRidge-global-compact-none-msc,ok,,global,compact,2.7595580477190664e-06,18.0,False,0,3.168489873493239,none,1.0,center,,"[""sg_d1_w11_p2""]",4.842516557466905,3.816680556416205,-0.2959756132902036,4.802865456056688,4.927187099416517,,1.008255717711229,0.9828156430350212,0.5866753620211966,1.1115975212305784e-05,0,AOM_v0/Ridge/0.1.0,,,,,
GRAPEVINE_LeafTraits,An_spxyG70_30_byCultivar_NeoSpectra,regression,AOMRidge-global-compact-none-asls,ok,,global,compact,1.879130987217608e-06,16.0,False,0,3.1030996988597974,none,1.0,center,,"[""sg_d1_w11_p2""]",4.896907346008898,3.853423872689615,-0.3252517134668717,4.802865456056688,4.927187099416517,,1.0195803715120977,0.9938545557948866,0.6253035370027646,1.6903039067983627e-05,0,AOM_v0/Ridge/0.1.0,,,,,
IncombustibleMaterial,TIC_spxy70,regression,AOMRidgePLS-compact-Hmax-relative-emsc2,ok,,ridge_pls,compact,11.094381726462183,,,0,8.342053943850226,frobenius,1.0,center,,"[""identity"", ""sg_smooth_w11_p2"", ""sg_smooth_w21_p3"", ""sg_d1_w11_p2"", ""sg_d1_w21_p3"", ""sg_d2_w11_p2"", ""detrend_d1"", ""detrend_d2"", ""fd_d1""]",6.803635789884319,5.386121412592221,-0.0026445779987709,2.506867785916912,2.787786960121247,,2.7139986512674503,2.4405149630187,0.5219916320056655,0.0053877920145168,0,AOM_v0/Ridge/0.1.0,10.0,0.9762545624687256,11.094381726462183,10000.0,"{""shrinkage_factors"": [0.9714057730727504, 0.0010202691495637534, 0.003250429385225188, 0.0003592004278319659, 4.120552332689493e-05, 0.00015876756756476453, 2.4694276202288567e-06, 2.815083230450926e-06, 1.0770718706020845e-05, 2.8621129058458634e-06], ""block_importance"": [0.10939643191483417, 0.10755307892815735, 0.10762057928953053, 0.10769334976593786, 0.10772174448278385, 0.10748461002183075, 0.10945975973223632, 0.10954412987344819, 0.11336430277148533], ""score_diag"": [376.89938200384944, 0.011330815890886078, 0.03617910199084012, 0.003986538629057487, 0.0004571686429003937, 0.001761707702392043, 2.739684031920222e-05, 3.123169587020819e-05, 0.00011949575184807182, 3.175346400368706e-05], ""alpha_per_component"": [11.094381726462185, 11.094381726462185, 11.094381726462185, 11.094381726462185, 11.094381726462185, 11.094381726462185, 11.094381726462185, 11.094381726462185, 11.094381726462185, 11.094381726462185], ""selection_rule"": ""1se"", ""scoring"": ""rmse_mean"", ""ridge_alpha_mode"": ""relative_to_score_variance""}"
IncombustibleMaterial,TIC_spxy70,regression,AOMRidge-global-compact-none-snv,ok,,global,compact,1.3874625474618305,18.0,False,0,5.92524092671973,none,1.0,center,,"[""sg_smooth_w21_p3""]",3.727188326568226,2.763964501693537,0.6990962708741129,2.506867785916912,2.787786960121247,,1.486790945859544,1.3369702849912617,0.274866258027032,9.03900945559144e-06,0,AOM_v0/Ridge/0.1.0,,,,,
IncombustibleMaterial,TIC_spxy70,regression,AOMRidge-global-compact-none-msc,ok,,global,compact,0.0625903135254983,18.0,False,0,6.141020402647572,none,1.0,center,,"[""sg_smooth_w21_p3""]",3.715671242521807,2.7917157689056094,0.700952994469599,2.506867785916912,2.787786960121247,,1.4821967330689372,1.332839020941616,0.275663717999123,8.22398578748107e-06,0,AOM_v0/Ridge/0.1.0,,,,,
IncombustibleMaterial,TIC_spxy70,regression,AOMRidge-global-compact-none-asls,ok,,global,compact,0.0219969763860824,15.0,False,0,6.620811215841646,none,1.0,center,,"[""sg_smooth_w21_p3""]",3.366687344024629,2.7237531412830465,0.7544892752583655,2.506867785916912,2.787786960121247,,1.3429856025666822,1.2076558905628156,0.2331612049601972,8.657982107251883e-06,0,AOM_v0/Ridge/0.1.0,,,,,
MANURE21,All_manure_MgO_SPXY_strat_Manure_type,regression,AOMRidgePLS-compact-Hmax-relative-emsc2,ok,,ridge_pls,compact,10705042.436566653,,,0,2.7684140749316306,frobenius,1.0,center,,"[""identity"", ""sg_smooth_w11_p2"", ""sg_smooth_w21_p3"", ""sg_d1_w11_p2"", ""sg_d1_w21_p3"", ""sg_d2_w11_p2"", ""detrend_d1"", ""detrend_d2"", ""fd_d1""]",2.39074987028778,2.034305133486831,-0.0249579796889363,0.7736696013360851,0.7826806868853714,,3.0901432163795577,3.05456607061766,86.52175041602459,0.1798323990078643,0,AOM_v0/Ridge/0.1.0,2.0,0.0001999618184102,10705042.436566653,10000.0,"{""shrinkage_factors"": [0.0001953270458581424, 4.63477255209651e-06], ""block_importance"": [1.927706065113466e-05, 1.9254934690915384e-05, 1.9225730173535546e-05, 2.3958158570125126e-05, 2.414612106907658e-05, 2.6966822199300572e-05, 2.0185139711248583e-05, 2.237829336924647e-05, 2.507569761782916e-05], ""score_diag"": [2091.3928205019724, 49.61566681135816], ""alpha_per_component"": [10705042.436566653, 10705042.436566653], ""selection_rule"": ""1se"", ""scoring"": ""rmse_mean"", ""ridge_alpha_mode"": ""relative_to_score_variance""}"
MANURE21,All_manure_MgO_SPXY_strat_Manure_type,regression,AOMRidge-global-compact-none-snv,ok,,global,compact,0.0739952696179809,14.0,False,0,1.1128165828617451,none,1.0,center,,"[""detrend_d1""]",0.7549376727657634,0.53577990524207,0.8977978633828246,0.7736696013360851,0.7826806868853714,,0.9757882065703852,0.9645538537177792,57.852547137998044,0.0001071890001185,0,AOM_v0/Ridge/0.1.0,,,,,
MANURE21,All_manure_MgO_SPXY_strat_Manure_type,regression,AOMRidge-global-compact-none-msc,ok,,global,compact,0.0026099095443533,13.0,False,0,1.108753836766744,none,1.0,center,,"[""detrend_d1""]",0.7641066639299954,0.5451732611798311,0.8953002237150218,0.7736696013360851,0.7826806868853714,,0.9876395073690694,0.976268709236598,56.258329371979926,0.000126535014715,0,AOM_v0/Ridge/0.1.0,,,,,
MANURE21,All_manure_MgO_SPXY_strat_Manure_type,regression,AOMRidge-global-compact-none-asls,ok,,global,compact,6.882213164877166e-05,8.0,False,0,1.1052772300515727,none,1.0,center,,"[""sg_smooth_w21_p3""]",0.7712461445489,0.5519267893901497,0.8933345447697151,0.7736696013360851,0.7826806868853714,,0.9968675817390268,0.9853905398100796,53.31709452497307,6.822304567322135e-05,0,AOM_v0/Ridge/0.1.0,,,,,
MANURE21,All_manure_Total_N_SPXY_strat_Manure_type,regression,AOMRidgePLS-compact-Hmax-relative-emsc2,ok,,ridge_pls,compact,2219727.485908744,,,0,7.574455051341015,frobenius,1.0,center,,"[""identity"", ""sg_smooth_w11_p2"", ""sg_smooth_w21_p3"", ""sg_d1_w11_p2"", ""sg_d1_w21_p3"", ""sg_d2_w11_p2"", ""detrend_d1"", ""detrend_d2"", ""fd_d1""]",7.170613882931918,5.909704959168444,-0.0108067612884279,1.7064692893113451,1.7584969529696053,,4.202017538695735,4.077694801132736,86.25959977897583,0.1599643169902265,0,AOM_v0/Ridge/0.1.0,3.0,0.0013212322199756,2219727.485908744,10000.0,"{""shrinkage_factors"": [0.0012197479123274527, 9.999000099989999e-05, 1.4943066483091033e-06], ""block_importance"": [0.00014612640483757948, 0.000146025936035537, 0.00014591417123354942, 0.00014118646691261384, 0.00014224028909919857, 0.0001742461007956141, 0.00013994178268558595, 0.00013000907458740444, 0.0001589986717607384], ""score_diag"": [2710.814477172293, 221.97274859087437, 3.316958496181021], ""alpha_per_component"": [2219727.485908744, 2219727.485908744, 2219727.485908744], ""selection_rule"": ""1se"", ""scoring"": ""rmse_mean"", ""ridge_alpha_mode"": ""relative_to_score_variance""}"
MANURE21,All_manure_Total_N_SPXY_strat_Manure_type,regression,AOMRidge-global-compact-none-snv,ok,,global,compact,0.0679252998584747,13.0,False,0,2.2919421923757723,none,1.0,center,,"[""sg_smooth_w21_p3""]",1.766388744137617,1.2531817772554537,0.9386622218670212,1.7064692893113451,1.7584969529696053,,1.0351131164220673,1.0044878048578274,53.28400950302603,0.0001270559732802,0,AOM_v0/Ridge/0.1.0,,,,,
MANURE21,All_manure_Total_N_SPXY_strat_Manure_type,regression,AOMRidge-global-compact-none-msc,ok,,global,compact,0.0006700196302307,10.0,False,0,2.345988796591039,none,1.0,center,,"[""sg_smooth_w21_p3""]",1.7732031204945062,1.252571830534381,0.9381880511095052,1.7064692893113451,1.7584969529696053,,1.039106376892427,1.0083629189689902,55.61095264303731,9.495503036305308e-05,0,AOM_v0/Ridge/0.1.0,,,,,
MANURE21,All_manure_Total_N_SPXY_strat_Manure_type,regression,AOMRidge-global-compact-none-asls,ok,,global,compact,0.0006323104918991,12.0,False,0,2.1392651964274543,none,1.0,center,,"[""sg_smooth_w21_p3""]",1.5508757667647304,1.1570324999061854,0.952716514512736,1.7064692893113451,1.7584969529696053,,0.9088213755025116,0.8819325868866242,54.88059912697645,8.150504436343908e-05,0,AOM_v0/Ridge/0.1.0,,,,,
ALPINE,ALPINE_P_291_KS,regression,AOMRidge-Blender-headline-spxy3,ok,,blender,compact,0.0,,,0,0.07574610538970253,none,1.0,center,,"[""AOMRidge-global-compact-none-asls""]",0.05679687310085976,0.041932251765255016,0.684017629187206,0.0589773153713793,0.0622707496529526,,0.9630291365961756,0.9120955411232424,4340.106908286049,1.5879367390298285,0,AOM_v0/Ridge/0.1.0,,,,,"{""selected_variant_label"": ""AOMRidge-global-compact-none-asls"", ""selected_variant_index"": 4, ""candidate_labels"": [""Ridge-raw"", ""AOMRidge-global-compact-none"", ""AOMRidge-global-compact-none-msc"", ""AOMRidge-global-compact-none-snv"", ""AOMRidge-global-compact-none-asls"", ""AOMRidgePLS-compact-colscale-cv-relative"", ""AOMRidgePLS-compact-Hmax-relative-emsc2"", ""AOM-PLS-compact-CV""], ""cv_scores"": [0.0783290631617772, 0.07736496077419823, 0.0780885561679428, 0.07878393007106994, 0.07574610538970253, 0.07725636767744741, 0.13335348838350855, 0.08334343126601336], ""weights"": [0.0, 0.02371867658262373, 0.1751625370392031, 0.0, 0.4554314802488187, 0.3456873061293546, 0.0, 1.7110430437358857e-17], ""regularizer"": 0.01}"
BEER,Beer_OriginalExtract_60_YbaseSplit,regression,AOMRidge-AutoSelect-headline-spxy3,ok,,auto_select,compact,0.0,,,0,0.227505255210402,none,1.0,center,,"[""AOMRidge-global-compact-none-msc""]",0.27363222817547067,0.22235192632955844,0.9874298150575825,0.1910032468197337,0.2559337959455767,,1.43260511395244,1.0691523843676256,305.66372358298395,0.0010443420032970607,0,AOM_v0/Ridge/0.1.0,,,,,"{""selected_variant_label"": ""AOMRidge-global-compact-none-msc"", ""selected_variant_index"": 2, ""candidate_labels"": [""Ridge-raw"", ""AOMRidge-global-compact-none"", ""AOMRidge-global-compact-none-msc"", ""AOMRidge-global-compact-none-snv"", ""AOMRidge-global-compact-none-asls"", ""AOMRidgePLS-compact-colscale-cv-relative"", ""AOMRidgePLS-compact-Hmax-relative-emsc2"", ""AOM-PLS-compact-CV""], ""cv_scores"": [0.7360924199134429, 0.24946135131857952, 0.227505255210402, 0.22755775576060824, 0.3005944972417211, 0.4781655601035874, 2.406135032184807, 0.2653013317893382]}"
BEER,Beer_OriginalExtract_60_YbaseSplit,regression,AOMRidge-Blender-headline-spxy3,ok,,blender,compact,0.0,,,0,0.23146039200640184,none,1.0,center,,"[""AOMRidge-global-compact-none-msc""]",0.2715841340908931,0.22127358165054978,0.9876172825445434,0.1910032468197337,0.2559337959455767,,1.421882290551901,1.0611499473428059,440.012903972005,0.5491640199907124,0,AOM_v0/Ridge/0.1.0,,,,,"{""selected_variant_label"": ""AOMRidge-global-compact-none-msc"", ""selected_variant_index"": 2, ""candidate_labels"": [""Ridge-raw"", ""AOMRidge-global-compact-none"", ""AOMRidge-global-compact-none-msc"", ""AOMRidge-global-compact-none-snv"", ""AOMRidge-global-compact-none-asls"", ""AOMRidgePLS-compact-colscale-cv-relative"", ""AOMRidgePLS-compact-Hmax-relative-emsc2"", ""AOM-PLS-compact-CV""], ""cv_scores"": [0.7398689507285999, 0.25793827082261894, 0.23146039200640184, 0.2315019445776608, 0.3033233218687267, 0.4971197578611316, 2.4079686542392134, 0.2714849663315149], ""weights"": [0.0, 0.12004402285762081, 0.43519773181874793, 0.4063936744183228, 0.03836457090530768, 0.0, 2.2215400158380264e-16, 4.469922899356713e-16], ""regularizer"": 0.01}"
GRAPEVINES,grapevine_chloride_556_KS,regression,AOMRidge-AutoSelect-headline-spxy3,ok,,auto_select,compact,0.0,,,0,999.8562882790338,none,1.0,center,,"[""AOMRidge-global-compact-none-snv""]",950.5059950926731,731.3799896771325,0.5956966802182857,914.9612915669088,915.735138197346,,1.0388483139706297,1.0379704299255945,2322.5239350229967,0.000845691014546901,0,AOM_v0/Ridge/0.1.0,,,,,"{""selected_variant_label"": ""AOMRidge-global-compact-none-snv"", ""selected_variant_index"": 3, ""candidate_labels"": [""Ridge-raw"", ""AOMRidge-global-compact-none"", ""AOMRidge-global-compact-none-msc"", ""AOMRidge-global-compact-none-snv"", ""AOMRidge-global-compact-none-asls"", ""AOMRidgePLS-compact-colscale-cv-relative"", ""AOMRidgePLS-compact-Hmax-relative-emsc2"", ""AOM-PLS-compact-CV""], ""cv_scores"": [1097.929122589417, 1033.66325251766, 1014.0213733381443, 999.8562882790338, 1057.1160185279607, 1068.6748572099825, 1542.4763830298314, 1096.8442120624577]}"
GRAPEVINES,grapevine_chloride_556_KS,regression,AOMRidge-Blender-headline-spxy3,ok,,blender,compact,0.0,,,0,1001.0198069627932,none,1.0,center,,"[""AOMRidge-global-compact-none""]",983.6562934089661,775.6190213549403,0.5670035493706201,914.9612915669088,915.735138197346,,1.0750796809386485,1.074171179392903,2422.08532033104,0.815058333973866,0,AOM_v0/Ridge/0.1.0,,,,,"{""selected_variant_label"": ""AOMRidge-global-compact-none"", ""selected_variant_index"": 1, ""candidate_labels"": [""Ridge-raw"", ""AOMRidge-global-compact-none"", ""AOMRidge-global-compact-none-msc"", ""AOMRidge-global-compact-none-snv"", ""AOMRidge-global-compact-none-asls"", ""AOMRidgePLS-compact-colscale-cv-relative"", ""AOMRidgePLS-compact-Hmax-relative-emsc2"", ""AOM-PLS-compact-CV""], ""cv_scores"": [1098.554412523878, 1035.8696099982506, 1015.3264783298904, 1001.0198069627932, 1059.302924495625, 1068.7197504693534, 1542.4908870381548, 1097.9785536224338], ""weights"": [0.11957416390519855, 0.13016110424951016, 0.13016110424951016, 0.13016110424951016, 0.12063309128636385, 0.13016110424951016, 0.11957416390519855, 0.11957416390519855], ""regularizer"": 0.01}"
GRAPEVINE_LeafTraits,An_spxyG70_30_byCultivar_NeoSpectra,regression,AOMRidge-AutoSelect-headline-spxy3,ok,,auto_select,compact,0.0,,,0,3.546110321846987,none,1.0,center,,"[""AOMRidge-global-compact-none-msc""]",4.902553130430737,3.8006513608557797,-0.32830931619651826,4.802865456056688,4.927187099416517,,1.0207558748597332,0.9950003991143959,54.09578500298085,0.004194513021502644,0,AOM_v0/Ridge/0.1.0,,,,,"{""selected_variant_label"": ""AOMRidge-global-compact-none-msc"", ""selected_variant_index"": 2, ""candidate_labels"": [""Ridge-raw"", ""AOMRidge-global-compact-none"", ""AOMRidge-global-compact-none-msc"", ""AOMRidge-global-compact-none-snv"", ""AOMRidge-global-compact-none-asls"", ""AOMRidgePLS-compact-colscale-cv-relative"", ""AOMRidgePLS-compact-Hmax-relative-emsc2"", ""AOM-PLS-compact-CV""], ""cv_scores"": [3.6754429864916833, 3.632502430248112, 3.546110321846987, 3.5501820308746175, 3.6632786678390796, 3.568262697302854, 3.670266035609813, 3.828842554493729]}"
GRAPEVINE_LeafTraits,An_spxyG70_30_byCultivar_NeoSpectra,regression,AOMRidge-Blender-headline-spxy3,ok,,blender,compact,0.0,,,0,3.567521415231137,none,1.0,center,,"[""AOMRidge-global-compact-none-msc""]",4.4161641758356165,3.4269633504387778,-0.07781698077896038,4.802865456056688,4.927187099416517,,0.9194852981497912,0.8962850581335918,133.5400919910171,0.30762586498167366,0,AOM_v0/Ridge/0.1.0,,,,,"{""selected_variant_label"": ""AOMRidge-global-compact-none-msc"", ""selected_variant_index"": 2, ""candidate_labels"": [""Ridge-raw"", ""AOMRidge-global-compact-none"", ""AOMRidge-global-compact-none-msc"", ""AOMRidge-global-compact-none-snv"", ""AOMRidge-global-compact-none-asls"", ""AOMRidgePLS-compact-colscale-cv-relative"", ""AOMRidgePLS-compact-Hmax-relative-emsc2"", ""AOM-PLS-compact-CV""], ""cv_scores"": [3.697013725107455, 3.654457062223167, 3.567521415231137, 3.5715306488848033, 3.676379256152589, 3.590394437343711, 3.6738923115045115, 3.8471298965925653], ""weights"": [0.0, 8.455274875606377e-13, 0.47556511519991623, 4.603760171528733e-13, 0.018211345268787236, 0.11906305282199452, 0.387160486707996, 0.0], ""regularizer"": 0.01}"
IncombustibleMaterial,TIC_spxy70,regression,AOMRidge-AutoSelect-headline-spxy3,ok,,auto_select,compact,0.0,,,0,5.375922192945612,none,1.0,center,,"[""AOMRidgePLS-compact-colscale-cv-relative""]",3.325842911027153,2.733543892121722,0.7604101804945893,2.506867785916912,2.787786960121247,,1.3266925881416967,1.1930046874465992,68.15698527201312,0.057918135018553585,0,AOM_v0/Ridge/0.1.0,,,,,"{""selected_variant_label"": ""AOMRidgePLS-compact-colscale-cv-relative"", ""selected_variant_index"": 5, ""candidate_labels"": [""Ridge-raw"", ""AOMRidge-global-compact-none"", ""AOMRidge-global-compact-none-msc"", ""AOMRidge-global-compact-none-snv"", ""AOMRidge-global-compact-none-asls"", ""AOMRidgePLS-compact-colscale-cv-relative"", ""AOMRidgePLS-compact-Hmax-relative-emsc2"", ""AOM-PLS-compact-CV""], ""cv_scores"": [7.8118288375374325, 7.255396086303219, 7.864297392567422, 7.839438731955419, 9.724317806908203, 5.375922192945612, 8.403362491061635, 8.43022258812902]}"
IncombustibleMaterial,TIC_spxy70,regression,AOMRidge-Blender-headline-spxy3,ok,,blender,compact,0.0,,,0,5.4262901811347275,none,1.0,center,,"[""AOMRidgePLS-compact-colscale-cv-relative""]",3.395622653032304,2.8207103302759613,0.750251010373302,2.506867785916912,2.787786960121247,,1.3545280178349417,1.218035201974193,41.18499945499934,0.017592942982446402,0,AOM_v0/Ridge/0.1.0,,,,,"{""selected_variant_label"": ""AOMRidgePLS-compact-colscale-cv-relative"", ""selected_variant_index"": 5, ""candidate_labels"": [""Ridge-raw"", ""AOMRidge-global-compact-none"", ""AOMRidge-global-compact-none-msc"", ""AOMRidge-global-compact-none-snv"", ""AOMRidge-global-compact-none-asls"", ""AOMRidgePLS-compact-colscale-cv-relative"", ""AOMRidgePLS-compact-Hmax-relative-emsc2"", ""AOM-PLS-compact-CV""], ""cv_scores"": [7.822200361677198, 7.3139375296503575, 8.13001376880171, 8.177536523337807, 9.753084509091448, 5.4262901811347275, 8.432667402579643, 8.509690205922553], ""weights"": [0.035759537468165035, 7.291328111240568e-10, 0.06510458863093972, 5.180786889160297e-10, 3.4212759339755896e-17, 0.8497304172595164, 0.04940545539416732, 1.3668667764248876e-17], ""regularizer"": 0.01}"
MANURE21,All_manure_MgO_SPXY_strat_Manure_type,regression,AOMRidge-AutoSelect-headline-spxy3,ok,,auto_select,compact,0.0,,,0,1.0903174570211125,none,1.0,center,,"[""Ridge-raw""]",0.7753452523509883,0.5445711778260098,0.8921976959659434,0.7736696013360851,0.7826806868853714,,1.0021658483311344,0.9906278068983994,1332.9746980229975,0.00039216200821101665,0,AOM_v0/Ridge/0.1.0,,,,,"{""selected_variant_label"": ""Ridge-raw"", ""selected_variant_index"": 0, ""candidate_labels"": [""Ridge-raw"", ""AOMRidge-global-compact-none"", ""AOMRidge-global-compact-none-msc"", ""AOMRidge-global-compact-none-snv"", ""AOMRidge-global-compact-none-asls"", ""AOMRidgePLS-compact-colscale-cv-relative"", ""AOMRidgePLS-compact-Hmax-relative-emsc2"", ""AOM-PLS-compact-CV""], ""cv_scores"": [1.0903174570211125, 1.101398593565941, 1.1427535035311054, 1.168468915514292, 1.1891131789538367, 1.305724863972484, 2.7686134766680284, 1.112578897418427]}"
MANURE21,All_manure_MgO_SPXY_strat_Manure_type,regression,AOMRidge-Blender-headline-spxy3,ok,,blender,compact,0.0,,,0,1.0983833681433997,none,1.0,center,,"[""Ridge-raw""]",0.7499905539040036,0.5220844514961066,0.8991329391470626,0.7736696013360851,0.7826806868853714,,0.9693938505646479,0.9582331166092061,1439.469548150024,0.4426085170125589,0,AOM_v0/Ridge/0.1.0,,,,,"{""selected_variant_label"": ""Ridge-raw"", ""selected_variant_index"": 0, ""candidate_labels"": [""Ridge-raw"", ""AOMRidge-global-compact-none"", ""AOMRidge-global-compact-none-msc"", ""AOMRidge-global-compact-none-snv"", ""AOMRidge-global-compact-none-asls"", ""AOMRidgePLS-compact-colscale-cv-relative"", ""AOMRidgePLS-compact-Hmax-relative-emsc2"", ""AOM-PLS-compact-CV""], ""cv_scores"": [1.0983833681433997, 1.1087657500597305, 1.1468750200261981, 1.1737501254227247, 1.195747238383524, 1.3121634103917115, 2.76913100909632, 1.117337053795953], ""weights"": [0.3277782165563883, 4.648208049846501e-13, 0.30639402438434854, 6.921667205376924e-13, 0.06732978972198343, 0.01321834820366928, 0.01231377897833235, 0.27296584215412106], ""regularizer"": 0.01}"
MANURE21,All_manure_Total_N_SPXY_strat_Manure_type,regression,AOMRidge-AutoSelect-headline-spxy3,ok,,auto_select,compact,0.0,,,0,2.1594225171500026,none,1.0,center,,"[""AOMRidge-global-compact-none-asls""]",1.5329255596506395,1.1378982438119662,0.9538047210182407,1.7064692893113451,1.7584969529696053,,0.89830245950061,0.8717248881563091,678.5510987259913,0.103676978033036,0,AOM_v0/Ridge/0.1.0,,,,,"{""selected_variant_label"": ""AOMRidge-global-compact-none-asls"", ""selected_variant_index"": 4, ""candidate_labels"": [""Ridge-raw"", ""AOMRidge-global-compact-none"", ""AOMRidge-global-compact-none-msc"", ""AOMRidge-global-compact-none-snv"", ""AOMRidge-global-compact-none-asls"", ""AOMRidgePLS-compact-colscale-cv-relative"", ""AOMRidgePLS-compact-Hmax-relative-emsc2"", ""AOM-PLS-compact-CV""], ""cv_scores"": [2.303182443022701, 2.174403073494108, 2.708475113331342, 2.397429068535614, 2.1594225171500026, 2.4465625300207594, 7.589328276739995, 2.2630584747190063]}"
MANURE21,All_manure_Total_N_SPXY_strat_Manure_type,regression,AOMRidge-Blender-headline-spxy3,ok,,blender,compact,0.0,,,0,2.1623205048648186,none,1.0,center,,"[""AOMRidge-global-compact-none-asls""]",1.5746303920598634,1.1715260234324851,0.9512569476113515,1.7064692893113451,1.7584969529696053,,0.9227417111592521,0.8954410693750461,853.3303709470201,0.3262748030247167,0,AOM_v0/Ridge/0.1.0,,,,,"{""selected_variant_label"": ""AOMRidge-global-compact-none-asls"", ""selected_variant_index"": 4, ""candidate_labels"": [""Ridge-raw"", ""AOMRidge-global-compact-none"", ""AOMRidge-global-compact-none-msc"", ""AOMRidge-global-compact-none-snv"", ""AOMRidge-global-compact-none-asls"", ""AOMRidgePLS-compact-colscale-cv-relative"", ""AOMRidgePLS-compact-Hmax-relative-emsc2"", ""AOM-PLS-compact-CV""], ""cv_scores"": [2.3034234847187873, 2.1751065328275465, 2.7157184670971946, 2.3992439134164445, 2.1623205048648186, 2.447080820986935, 7.59051487992038, 2.264230815521652], ""weights"": [1.2810123505432532e-10, 0.42567233133796445, 1.5031080196515676e-10, 7.405366602264446e-11, 0.5705072789887198, 9.0892322593927e-11, 0.0038203891397594236, 9.019842494776923e-11], ""regularizer"": 0.01}"
